"","treatment","name","value"
"1","0NR_65","blue",-0.0441358575393381
"2","0NR_65","green",-0.0592269977197478
"3","0NR_65","red",-0.0929275178816703
"4","0NR_65","turquoise",-0.0998284153583438
"5","0NR_65","black",0.0145903727105181
"6","0NR_65","brown",0.066416024220298
"7","0NR_65","tan",0.0775744977121334
"8","0NR_65","yellow",0.0071401603898266
"9","0NR_65","purple",0.0604768445553971
"10","0NR_65","salmon",0.0965798355916904
"11","0NR_65","greenyellow",-0.0113799189061522
"12","0NR_65","magenta",0.0218737535228414
"13","0NR_65","pink",-0.00309162467846152
"14","0NR_65","grey",-0.00886284414516476
"15","0NR_66","blue",-0.0607083283993957
"16","0NR_66","green",0.253435937642656
"17","0NR_66","red",0.0309847172237705
"18","0NR_66","turquoise",0.011041790776006
"19","0NR_66","black",-0.0525354310431536
"20","0NR_66","brown",-0.0087765413941443
"21","0NR_66","tan",0.0135747059367335
"22","0NR_66","yellow",0.0681852691139395
"23","0NR_66","purple",0.0690826469466945
"24","0NR_66","salmon",0.0102662762465293
"25","0NR_66","greenyellow",0.0161541841071425
"26","0NR_66","magenta",-0.0410255532774908
"27","0NR_66","pink",0.060395832686621
"28","0NR_66","grey",0.106500468306791
"29","0NR_67","blue",-0.112201035948108
"30","0NR_67","green",0.118267050750017
"31","0NR_67","red",-0.0481866919044847
"32","0NR_67","turquoise",-0.130488727207751
"33","0NR_67","black",-0.108641625526902
"34","0NR_67","brown",0.0354725982886424
"35","0NR_67","tan",0.0262909819892434
"36","0NR_67","yellow",0.106829377104009
"37","0NR_67","purple",0.311062091976437
"38","0NR_67","salmon",0.165003366848577
"39","0NR_67","greenyellow",0.16163251309936
"40","0NR_67","magenta",-0.00240977633837719
"41","0NR_67","pink",0.0710948853631255
"42","0NR_67","grey",0.0704769009118399
"43","0NR_68","blue",-0.0597465628648839
"44","0NR_68","green",0.0233112308768533
"45","0NR_68","red",-0.0864185511019752
"46","0NR_68","turquoise",-0.0954578614410704
"47","0NR_68","black",0.0158475315500325
"48","0NR_68","brown",0.0781154199593528
"49","0NR_68","tan",0.127290014656547
"50","0NR_68","yellow",0.0516535525145425
"51","0NR_68","purple",0.12692727137856
"52","0NR_68","salmon",0.102720791254982
"53","0NR_68","greenyellow",-0.0855103733043039
"54","0NR_68","magenta",0.0121332974561516
"55","0NR_68","pink",0.021945028863405
"56","0NR_68","grey",0.0166987310265276
"57","0TL_113","blue",0.0336074314402552
"58","0TL_113","green",-0.0448591419084421
"59","0TL_113","red",-0.0765738784535747
"60","0TL_113","turquoise",-0.0430854598640092
"61","0TL_113","black",0.0120413239117678
"62","0TL_113","brown",0.0531718081668073
"63","0TL_113","tan",0.0048468918321249
"64","0TL_113","yellow",-0.0673117733960233
"65","0TL_113","purple",-0.0443943709726184
"66","0TL_113","salmon",0.0281832879832048
"67","0TL_113","greenyellow",-0.00369692367073243
"68","0TL_113","magenta",0.0488988838736883
"69","0TL_113","pink",-0.0346653128515345
"70","0TL_113","grey",-0.0807961508634485
"71","0TL_114","blue",0.0841356245483494
"72","0TL_114","green",0.133276820729466
"73","0TL_114","red",0.0195802662965804
"74","0TL_114","turquoise",0.090984055323182
"75","0TL_114","black",-0.0232616253477805
"76","0TL_114","brown",-0.00695835938936547
"77","0TL_114","tan",-0.0528287577620397
"78","0TL_114","yellow",-0.0736828391708169
"79","0TL_114","purple",-0.0452411021743486
"80","0TL_114","salmon",-0.0425083115250579
"81","0TL_114","greenyellow",0.0784955523053256
"82","0TL_114","magenta",0.00495610406015919
"83","0TL_114","pink",-0.0304774605436173
"84","0TL_114","grey",-0.0395476890717595
"85","0TL_115","blue",-0.0113653204350437
"86","0TL_115","green",-0.0114416768975991
"87","0TL_115","red",-0.1032219587477
"88","0TL_115","turquoise",-0.0926288602933594
"89","0TL_115","black",-0.00798304777774753
"90","0TL_115","brown",0.077425049834261
"91","0TL_115","tan",0.0466733118496887
"92","0TL_115","yellow",-0.0295311098704394
"93","0TL_115","purple",0.027415430591605
"94","0TL_115","salmon",0.0804449144438778
"95","0TL_115","greenyellow",0.0371342742158984
"96","0TL_115","magenta",0.0463062567161956
"97","0TL_115","pink",-0.0109651386591323
"98","0TL_115","grey",-0.0442266387481821
"99","0TL_116","blue",-0.103150447692881
"100","0TL_116","green",-0.137677824230014
"101","0TL_116","red",-0.331643244898988
"102","0TL_116","turquoise",-0.137149536619397
"103","0TL_116","black",-0.0382716350269847
"104","0TL_116","brown",0.181451869246126
"105","0TL_116","tan",0.0623167692359276
"106","0TL_116","yellow",0.0206565269642664
"107","0TL_116","purple",-0.025833377847583
"108","0TL_116","salmon",0.084565600249173
"109","0TL_116","greenyellow",-0.20904405317273
"110","0TL_116","magenta",-0.878352905425241
"111","0TL_116","pink",-0.850187091541739
"112","0TL_116","grey",-0.44115892889765
"113","CZRJR_57","blue",0.0580220590773332
"114","CZRJR_57","green",-0.0315266595304313
"115","CZRJR_57","red",0.0429214794614015
"116","CZRJR_57","turquoise",0.051845696969814
"117","CZRJR_57","black",-0.0129308740119215
"118","CZRJR_57","brown",-0.0451978976400689
"119","CZRJR_57","tan",-0.105101913912678
"120","CZRJR_57","yellow",-0.0460256428742786
"121","CZRJR_57","purple",-0.00544894099642744
"122","CZRJR_57","salmon",-0.0288397122443907
"123","CZRJR_57","greenyellow",0.0548519867215207
"124","CZRJR_57","magenta",0.0158792429047608
"125","CZRJR_57","pink",-0.0068891771571004
"126","CZRJR_57","grey",0.0278650117671862
"127","CZRJR_58","blue",0.0685882259908003
"128","CZRJR_58","green",0.0489902913670928
"129","CZRJR_58","red",0.0542867543493295
"130","CZRJR_58","turquoise",0.0945079173922118
"131","CZRJR_58","black",-0.0558677148630821
"132","CZRJR_58","brown",-0.0304611410896864
"133","CZRJR_58","tan",-0.0666057820175087
"134","CZRJR_58","yellow",-0.0375545243677163
"135","CZRJR_58","purple",-0.0363864892381897
"136","CZRJR_58","salmon",-0.0350861929890836
"137","CZRJR_58","greenyellow",-0.0318502414184827
"138","CZRJR_58","magenta",-0.013098951619218
"139","CZRJR_58","pink",-0.00780576707599857
"140","CZRJR_58","grey",0.0240307083095882
"141","CZRJR_59","blue",-0.0173307983979659
"142","CZRJR_59","green",-0.0523012741418448
"143","CZRJR_59","red",-0.0523048647411002
"144","CZRJR_59","turquoise",-0.0786374627122049
"145","CZRJR_59","black",-0.00429879725894804
"146","CZRJR_59","brown",0.0300809574556234
"147","CZRJR_59","tan",-0.0171735732258529
"148","CZRJR_59","yellow",-0.00408003978864249
"149","CZRJR_59","purple",0.04569201796318
"150","CZRJR_59","salmon",0.0390290057953747
"151","CZRJR_59","greenyellow",0.111839069988529
"152","CZRJR_59","magenta",0.0388580363949661
"153","CZRJR_59","pink",0.00787112299293159
"154","CZRJR_59","grey",0.0315607424904958
"155","CZRJR_60","blue",0.0618681794777314
"156","CZRJR_60","green",-0.00179784911316836
"157","CZRJR_60","red",0.0495764445213505
"158","CZRJR_60","turquoise",0.0957212543419549
"159","CZRJR_60","black",-0.0706446008532889
"160","CZRJR_60","brown",-0.0122645835580775
"161","CZRJR_60","tan",-0.0112765427006818
"162","CZRJR_60","yellow",-0.0176580786179872
"163","CZRJR_60","purple",-0.0191738290515747
"164","CZRJR_60","salmon",-0.0326379069708873
"165","CZRJR_60","greenyellow",0.0101509510225798
"166","CZRJR_60","magenta",-0.0274798937103105
"167","CZRJR_60","pink",-0.00733516649884501
"168","CZRJR_60","grey",0.0356808881285532
"169","DF2A_13","blue",0.0925259950532106
"170","DF2A_13","green",-0.0475282090066612
"171","DF2A_13","red",0.0150939429800991
"172","DF2A_13","turquoise",0.0840313492346153
"173","DF2A_13","black",0.123892954536909
"174","DF2A_13","brown",-0.018768373785801
"175","DF2A_13","tan",-0.0464055110426491
"176","DF2A_13","yellow",-0.08337433273467
"177","DF2A_13","purple",-0.10708933004884
"178","DF2A_13","salmon",-0.104293871255684
"179","DF2A_13","greenyellow",0.0723686579964469
"180","DF2A_13","magenta",0.00575071981512197
"181","DF2A_13","pink",-0.0401562704371484
"182","DF2A_13","grey",-0.00405340557283633
"183","DF2A_14","blue",-0.00354457203257271
"184","DF2A_14","green",0.208406967237585
"185","DF2A_14","red",-0.00676726672586463
"186","DF2A_14","turquoise",-0.00793879761041687
"187","DF2A_14","black",0.0458876379581482
"188","DF2A_14","brown",0.0190424467918849
"189","DF2A_14","tan",0.0042569727517359
"190","DF2A_14","yellow",-0.0170292527472709
"191","DF2A_14","purple",-0.0427512139265783
"192","DF2A_14","salmon",-0.0327399920592539
"193","DF2A_14","greenyellow",-0.0152094250232862
"194","DF2A_14","magenta",-0.012233885941483
"195","DF2A_14","pink",0.00359827756704733
"196","DF2A_14","grey",0.0383683035196767
"197","DF2A_15","blue",-0.0264951103972643
"198","DF2A_15","green",0.204744224824976
"199","DF2A_15","red",0.0421686073557269
"200","DF2A_15","turquoise",0.0107699417321217
"201","DF2A_15","black",-0.097645171406793
"202","DF2A_15","brown",-0.0199695005801762
"203","DF2A_15","tan",-0.0397681312815169
"204","DF2A_15","yellow",0.0410074817029017
"205","DF2A_15","purple",0.241977428099998
"206","DF2A_15","salmon",0.0558634317224554
"207","DF2A_15","greenyellow",0.00403666239497331
"208","DF2A_15","magenta",-0.0257130882250357
"209","DF2A_15","pink",0.0480422446927508
"210","DF2A_15","grey",0.0392201883138983
"211","DF2A_16","blue",0.140494563549273
"212","DF2A_16","green",0.123593461548365
"213","DF2A_16","red",0.0812148406715877
"214","DF2A_16","turquoise",0.156242026548461
"215","DF2A_16","black",0.024694633170352
"216","DF2A_16","brown",-0.0465578697383686
"217","DF2A_16","tan",-0.109858726388601
"218","DF2A_16","yellow",-0.11379319864124
"219","DF2A_16","purple",-0.0237161819281472
"220","DF2A_16","salmon",-0.108111060442494
"221","DF2A_16","greenyellow",-0.0907610710224873
"222","DF2A_16","magenta",-0.0119622745378855
"223","DF2A_16","pink",-0.0441963801452965
"224","DF2A_16","grey",-0.0850069322261343
"225","DF7X_53","blue",0.0982060502528089
"226","DF7X_53","green",0.0121451857504212
"227","DF7X_53","red",0.0704608147626511
"228","DF7X_53","turquoise",0.120895360938106
"229","DF7X_53","black",-0.0594271413626228
"230","DF7X_53","brown",-0.0291743552158664
"231","DF7X_53","tan",-0.0435972731347566
"232","DF7X_53","yellow",-0.0632761242322468
"233","DF7X_53","purple",-0.131867779004115
"234","DF7X_53","salmon",-0.0076994372493928
"235","DF7X_53","greenyellow",-0.045822067404905
"236","DF7X_53","magenta",-0.0133017070152605
"237","DF7X_53","pink",-0.0437309702831907
"238","DF7X_53","grey",-0.00735323240224406
"239","DF7X_54","blue",0.0871831675285418
"240","DF7X_54","green",0.0424915503844479
"241","DF7X_54","red",0.102866190416729
"242","DF7X_54","turquoise",0.165609645738593
"243","DF7X_54","black",-0.0976861352212147
"244","DF7X_54","brown",-0.046018880121744
"245","DF7X_54","tan",-0.0357964123990625
"246","DF7X_54","yellow",-0.0105752235389282
"247","DF7X_54","purple",-0.110902070069273
"248","DF7X_54","salmon",-0.0274722253244061
"249","DF7X_54","greenyellow",-0.0436498266633542
"250","DF7X_54","magenta",-0.0682971157491923
"251","DF7X_54","pink",-0.00987317870379337
"252","DF7X_54","grey",0.0497674059329241
"253","DF7X_55","blue",0.020531796247744
"254","DF7X_55","green",-0.00431110883432562
"255","DF7X_55","red",0.00935448704585882
"256","DF7X_55","turquoise",0.0445142067255714
"257","DF7X_55","black",-0.0714498281431784
"258","DF7X_55","brown",0.010884581030039
"259","DF7X_55","tan",0.0240066664895104
"260","DF7X_55","yellow",0.00378996017224388
"261","DF7X_55","purple",-0.0535743901360367
"262","DF7X_55","salmon",0.0455392478067273
"263","DF7X_55","greenyellow",0.0509666352708938
"264","DF7X_55","magenta",-0.0247681676354647
"265","DF7X_55","pink",-0.00751952269484058
"266","DF7X_55","grey",0.0258919397731641
"267","DF7X_56","blue",-0.0310766278303984
"268","DF7X_56","green",-0.0704018673918231
"269","DF7X_56","red",-0.0504751050925851
"270","DF7X_56","turquoise",-0.0475340673498921
"271","DF7X_56","black",-0.0543705135982928
"272","DF7X_56","brown",0.0819952485585077
"273","DF7X_56","tan",0.128893673837321
"274","DF7X_56","yellow",0.0508153679313366
"275","DF7X_56","purple",-0.0711800840467777
"276","DF7X_56","salmon",0.128282009206329
"277","DF7X_56","greenyellow",-0.0555047255451214
"278","DF7X_56","magenta",0.0149254134028453
"279","DF7X_56","pink",0.00375275466673794
"280","DF7X_56","grey",-0.00504308518349835
"281","DF8J_109","blue",0.0422272593223048
"282","DF8J_109","green",-0.0299225153175002
"283","DF8J_109","red",-0.0390424370654193
"284","DF8J_109","turquoise",0.00633334355454992
"285","DF8J_109","black",-0.0124002218385745
"286","DF8J_109","brown",0.046710643740242
"287","DF8J_109","tan",-0.000376261153487655
"288","DF8J_109","yellow",-0.0396254241293056
"289","DF8J_109","purple",-0.0114064758462453
"290","DF8J_109","salmon",0.0375238350994681
"291","DF8J_109","greenyellow",0.0579212055875604
"292","DF8J_109","magenta",0.0327107613890261
"293","DF8J_109","pink",-0.0281464893295126
"294","DF8J_109","grey",-0.0093184227080868
"295","DF8J_110","blue",0.0773321530928479
"296","DF8J_110","green",0.166224549508196
"297","DF8J_110","red",0.0560872819658999
"298","DF8J_110","turquoise",0.0972803542619727
"299","DF8J_110","black",-0.0225553861498101
"300","DF8J_110","brown",-0.0337256399171133
"301","DF8J_110","tan",-0.0750949486420665
"302","DF8J_110","yellow",-0.0544975171291384
"303","DF8J_110","purple",-0.0612250773431143
"304","DF8J_110","salmon",-0.0497146373303372
"305","DF8J_110","greenyellow",0.193607914982641
"306","DF8J_110","magenta",-0.00248623739153141
"307","DF8J_110","pink",-0.00666077931697793
"308","DF8J_110","grey",0.0229716695712664
"309","DF8J_111","blue",-0.0101706337536483
"310","DF8J_111","green",0.0243382568594298
"311","DF8J_111","red",-0.035811620898057
"312","DF8J_111","turquoise",-0.0325247978892768
"313","DF8J_111","black",-0.0716264747315592
"314","DF8J_111","brown",0.041146074720842
"315","DF8J_111","tan",0.0210993020442709
"316","DF8J_111","yellow",0.0170059647183134
"317","DF8J_111","purple",0.110224670050671
"318","DF8J_111","salmon",0.0751024576048213
"319","DF8J_111","greenyellow",0.023330579175187
"320","DF8J_111","magenta",0.0150385991813633
"321","DF8J_111","pink",0.0158599563323198
"322","DF8J_111","grey",0.0452423444065498
"323","DF8J_112","blue",0.0377135873292442
"324","DF8J_112","green",-0.0553470683481603
"325","DF8J_112","red",-0.0247601345269515
"326","DF8J_112","turquoise",0.00289181042497881
"327","DF8J_112","black",-0.0028612564443906
"328","DF8J_112","brown",0.0268420021191544
"329","DF8J_112","tan",0.0314125209410623
"330","DF8J_112","yellow",-0.0510824836665627
"331","DF8J_112","purple",-0.0182720816295302
"332","DF8J_112","salmon",0.0203477081326162
"333","DF8J_112","greenyellow",-0.0289960006657026
"334","DF8J_112","magenta",0.0238928161464703
"335","DF8J_112","pink",-0.0336259047004294
"336","DF8J_112","grey",-0.0288063341421948
"337","DF9F_141","blue",0.0352303599514151
"338","DF9F_141","green",0.0135569120358635
"339","DF9F_141","red",-0.0237014330620967
"340","DF9F_141","turquoise",-0.00206396623448974
"341","DF9F_141","black",0.0534208233839741
"342","DF9F_141","brown",0.0121985316464397
"343","DF9F_141","tan",-0.0253797789846863
"344","DF9F_141","yellow",-0.0635461841905261
"345","DF9F_141","purple",0.0314238775931707
"346","DF9F_141","salmon",-0.0362235248220298
"347","DF9F_141","greenyellow",-0.00305002878739389
"348","DF9F_141","magenta",0.0305144070054311
"349","DF9F_141","pink",-0.0174909826511143
"350","DF9F_141","grey",-0.0150513765272657
"351","DF9F_142","blue",-0.0144907531703
"352","DF9F_142","green",0.00324728180142498
"353","DF9F_142","red",-0.0371352227762467
"354","DF9F_142","turquoise",-0.0473245511559372
"355","DF9F_142","black",0.0798090587970989
"356","DF9F_142","brown",0.0185068164585863
"357","DF9F_142","tan",0.0168745676244507
"358","DF9F_142","yellow",-0.0165407459452367
"359","DF9F_142","purple",0.0285905632089037
"360","DF9F_142","salmon",-0.0443839527198647
"361","DF9F_142","greenyellow",0.0154909411368201
"362","DF9F_142","magenta",0.0317502622511329
"363","DF9F_142","pink",0.0131556638188655
"364","DF9F_142","grey",0.0373108711264655
"365","DF9F_143","blue",-0.017463709857219
"366","DF9F_143","green",-0.0414879511145581
"367","DF9F_143","red",-0.0830726986737008
"368","DF9F_143","turquoise",-0.0977112015533399
"369","DF9F_143","black",0.104873494446294
"370","DF9F_143","brown",0.0636971122806267
"371","DF9F_143","tan",0.0516460587086514
"372","DF9F_143","yellow",-0.0378019999852167
"373","DF9F_143","purple",0.0169931922435198
"374","DF9F_143","salmon",-0.00666412689568808
"375","DF9F_143","greenyellow",-0.0295571581049202
"376","DF9F_143","magenta",0.0551992137144335
"377","DF9F_143","pink",-0.00613718592993697
"378","DF9F_143","grey",-0.00593012615014738
"379","DF9F_144","blue",0.0115981071951201
"380","DF9F_144","green",-0.0248067961767845
"381","DF9F_144","red",-0.0741445630518309
"382","DF9F_144","turquoise",-0.0551358857802566
"383","DF9F_144","black",0.0580666657011986
"384","DF9F_144","brown",0.0631031486617863
"385","DF9F_144","tan",0.0219442187903675
"386","DF9F_144","yellow",-0.0469413134735067
"387","DF9F_144","purple",0.0362276644626161
"388","DF9F_144","salmon",0.0183660186658947
"389","DF9F_144","greenyellow",-0.0674595227452636
"390","DF9F_144","magenta",0.056468906210316
"391","DF9F_144","pink",-0.0129389696352161
"392","DF9F_144","grey",-0.0473813526236195
"393","DF9I_117","blue",0.0619325388554468
"394","DF9I_117","green",-0.0472800242399681
"395","DF9I_117","red",0.0172516044813867
"396","DF9I_117","turquoise",0.0552443919270202
"397","DF9I_117","black",0.139994348118042
"398","DF9I_117","brown",-0.027725933349165
"399","DF9I_117","tan",-0.0706673232099616
"400","DF9I_117","yellow",-0.0869809565362276
"401","DF9I_117","purple",-0.0821314473487871
"402","DF9I_117","salmon",-0.12453470996652
"403","DF9I_117","greenyellow",-0.0979232287838862
"404","DF9I_117","magenta",0.0287070413515253
"405","DF9I_117","pink",-0.0289938613368482
"406","DF9I_117","grey",-0.0318459532228705
"407","DF9I_118","blue",-0.0350354127530497
"408","DF9I_118","green",-0.0789899806044309
"409","DF9I_118","red",-0.0638544404341288
"410","DF9I_118","turquoise",-0.0846408178059709
"411","DF9I_118","black",0.121680243747053
"412","DF9I_118","brown",0.0455917220565093
"413","DF9I_118","tan",0.0439269346473689
"414","DF9I_118","yellow",-0.00406932827512167
"415","DF9I_118","purple",0.0318898188344469
"416","DF9I_118","salmon",0.00596237771347232
"417","DF9I_118","greenyellow",-0.0740875978112256
"418","DF9I_118","magenta",0.0491456707287887
"419","DF9I_118","pink",0.010787856398016
"420","DF9I_118","grey",-0.00490540593788587
"421","DF9I_119","blue",-0.0148152607214512
"422","DF9I_119","green",-0.0342648497429254
"423","DF9I_119","red",-0.0626267568837399
"424","DF9I_119","turquoise",-0.066632439810174
"425","DF9I_119","black",0.120509224811916
"426","DF9I_119","brown",0.0445792463601526
"427","DF9I_119","tan",0.0351396870031414
"428","DF9I_119","yellow",-0.0199120699277839
"429","DF9I_119","purple",0.0213362787820471
"430","DF9I_119","salmon",-0.0126045765905908
"431","DF9I_119","greenyellow",-0.0119333258638172
"432","DF9I_119","magenta",0.0385621967864087
"433","DF9I_119","pink",-0.00602196102407719
"434","DF9I_119","grey",0.00824632494089554
"435","DF9I_120","blue",0.0175887778217049
"436","DF9I_120","green",-0.0653969607642421
"437","DF9I_120","red",-0.0553620287172916
"438","DF9I_120","turquoise",-0.0229089388918653
"439","DF9I_120","black",0.0927895617042351
"440","DF9I_120","brown",0.0464649860199341
"441","DF9I_120","tan",0.0322492609604577
"442","DF9I_120","yellow",-0.03847901046649
"443","DF9I_120","purple",0.0991184085804949
"444","DF9I_120","salmon",0.000225198789965797
"445","DF9I_120","greenyellow",-0.109006275317918
"446","DF9I_120","magenta",0.0303122743529776
"447","DF9I_120","pink",-0.0127013716085239
"448","DF9I_120","grey",-0.014167913328146
"449","DFB3_100","blue",0.00273951951204799
"450","DFB3_100","green",-0.0298543860852652
"451","DFB3_100","red",-0.0741770648895996
"452","DFB3_100","turquoise",-0.0548903539083324
"453","DFB3_100","black",-0.0561885435149515
"454","DFB3_100","brown",0.0823631749934635
"455","DFB3_100","tan",0.0545895911702428
"456","DFB3_100","yellow",-0.0182044963134525
"457","DFB3_100","purple",0.107658994796562
"458","DFB3_100","salmon",0.100344386327162
"459","DFB3_100","greenyellow",-0.0940543170261749
"460","DFB3_100","magenta",0.0205851553126056
"461","DFB3_100","pink",-0.017784621316941
"462","DFB3_100","grey",0.0107049982727287
"463","DFB3_97","blue",0.0917066769051286
"464","DFB3_97","green",0.00724350770362554
"465","DFB3_97","red",-0.000510247662123142
"466","DFB3_97","turquoise",0.0657749121673974
"467","DFB3_97","black",-0.00364558267754788
"468","DFB3_97","brown",0.00428048425298164
"469","DFB3_97","tan",-0.0473055855925296
"470","DFB3_97","yellow",-0.0951043119980961
"471","DFB3_97","purple",-0.0164322029940337
"472","DFB3_97","salmon",0.000243751198436899
"473","DFB3_97","greenyellow",-0.0787247242933336
"474","DFB3_97","magenta",0.0230516255923858
"475","DFB3_97","pink",-0.0451745276669748
"476","DFB3_97","grey",-0.0303699422468474
"477","DFB3_98","blue",0.0589708843525214
"478","DFB3_98","green",-0.00539039672140566
"479","DFB3_98","red",-0.0339259758028519
"480","DFB3_98","turquoise",0.0349910669040638
"481","DFB3_98","black",-0.0170042018061542
"482","DFB3_98","brown",0.0318588393690468
"483","DFB3_98","tan",0.0128312672719106
"484","DFB3_98","yellow",-0.0698699457595988
"485","DFB3_98","purple",-0.0104087052519697
"486","DFB3_98","salmon",0.00597445505944002
"487","DFB3_98","greenyellow",-0.0825623609889269
"488","DFB3_98","magenta",0.0198985796837347
"489","DFB3_98","pink",-0.0316119964054627
"490","DFB3_98","grey",-0.0109236769392988
"491","DFB3_99","blue",0.00333125104647331
"492","DFB3_99","green",-0.0133572273230743
"493","DFB3_99","red",-0.0341069534906495
"494","DFB3_99","turquoise",-0.0274551563579978
"495","DFB3_99","black",-0.0513522907879952
"496","DFB3_99","brown",0.0167365104535603
"497","DFB3_99","tan",-0.0832614425190195
"498","DFB3_99","yellow",-0.0147331577796294
"499","DFB3_99","purple",0.0730337180319284
"500","DFB3_99","salmon",0.0739081958353703
"501","DFB3_99","greenyellow",0.0832219292917232
"502","DFB3_99","magenta",0.0259521574791076
"503","DFB3_99","pink",-0.00337066111038165
"504","DFB3_99","grey",0.0324932318847843
"505","DFG1_133","blue",-0.0049295955875722
"506","DFG1_133","green",-0.082045661722196
"507","DFG1_133","red",-0.0493300322101439
"508","DFG1_133","turquoise",-0.077856616620411
"509","DFG1_133","black",0.1437212460904
"510","DFG1_133","brown",0.0121817071142551
"511","DFG1_133","tan",0.0017647524967895
"512","DFG1_133","yellow",-0.0435657495768543
"513","DFG1_133","purple",-0.042379517516343
"514","DFG1_133","salmon",-0.0462544443916149
"515","DFG1_133","greenyellow",-0.124920733474007
"516","DFG1_133","magenta",0.0566419947348971
"517","DFG1_133","pink",-0.00805146780145625
"518","DFG1_133","grey",-0.00353281286126066
"519","DFG1_134","blue",-0.03518703097378
"520","DFG1_134","green",0.154153501428118
"521","DFG1_134","red",-0.00281198114962113
"522","DFG1_134","turquoise",-0.0419866076492109
"523","DFG1_134","black",0.0664930788240903
"524","DFG1_134","brown",-0.00634161793706289
"525","DFG1_134","tan",-0.0175755178451365
"526","DFG1_134","yellow",0.000541840099349496
"527","DFG1_134","purple",-0.0120116444528181
"528","DFG1_134","salmon",-0.0692805169364142
"529","DFG1_134","greenyellow",-0.102083786201328
"530","DFG1_134","magenta",0.0199831390329938
"531","DFG1_134","pink",0.0304242579093953
"532","DFG1_134","grey",0.0561328218361881
"533","DFG1_135","blue",-0.0537432835256621
"534","DFG1_135","green",0.134866960569131
"535","DFG1_135","red",-0.0390944985888601
"536","DFG1_135","turquoise",-0.0777764379876529
"537","DFG1_135","black",-0.0341559362755994
"538","DFG1_135","brown",0.0273740549365129
"539","DFG1_135","tan",-0.00925065129652936
"540","DFG1_135","yellow",0.0240132426047738
"541","DFG1_135","purple",0.233692013036631
"542","DFG1_135","salmon",0.0607749269754465
"543","DFG1_135","greenyellow",0.0889096612164175
"544","DFG1_135","magenta",0.0149749651769009
"545","DFG1_135","pink",0.0389030585189569
"546","DFG1_135","grey",0.032027829081421
"547","DFG1_136","blue",-0.0329915834620749
"548","DFG1_136","green",-0.0366595336297473
"549","DFG1_136","red",-0.0841752511478785
"550","DFG1_136","turquoise",-0.089227892836713
"551","DFG1_136","black",0.0643673036465426
"552","DFG1_136","brown",0.0734443901297312
"553","DFG1_136","tan",0.115646325760854
"554","DFG1_136","yellow",-0.000467285308387948
"555","DFG1_136","purple",0.153605309545357
"556","DFG1_136","salmon",0.0379549991295754
"557","DFG1_136","greenyellow",-0.139921198697028
"558","DFG1_136","magenta",0.0237018809191687
"559","DFG1_136","pink",0.00154170703063949
"560","DFG1_136","grey",0.0149176255943125
"561","DFI0_21","blue",0.0744227348878837
"562","DFI0_21","green",-0.0264977553224548
"563","DFI0_21","red",0.0379219887977496
"564","DFI0_21","turquoise",0.0927854420618736
"565","DFI0_21","black",0.225184483913802
"566","DFI0_21","brown",-0.0385135622197822
"567","DFI0_21","tan",-0.00890745904752033
"568","DFI0_21","yellow",-0.0804968590709258
"569","DFI0_21","purple",-0.153491750498103
"570","DFI0_21","salmon",-0.276509794387425
"571","DFI0_21","greenyellow",-0.0511443675457736
"572","DFI0_21","magenta",0.0115525539065886
"573","DFI0_21","pink",-0.0251483751836952
"574","DFI0_21","grey",0.0213750520995243
"575","DFI0_22","blue",0.0825507336116579
"576","DFI0_22","green",0.012439697502296
"577","DFI0_22","red",0.0453268828992506
"578","DFI0_22","turquoise",0.0885631554151914
"579","DFI0_22","black",0.201040145067338
"580","DFI0_22","brown",-0.0522464284259162
"581","DFI0_22","tan",-0.0640468151213671
"582","DFI0_22","yellow",-0.0884761930224889
"583","DFI0_22","purple",-0.18374833845649
"584","DFI0_22","salmon",-0.27700680320396
"585","DFI0_22","greenyellow",-0.110264751410947
"586","DFI0_22","magenta",0.0189087701417419
"587","DFI0_22","pink",-0.0252725051724377
"588","DFI0_22","grey",-0.00933897904092388
"589","DFI0_23","blue",-0.0161342388123969
"590","DFI0_23","green",-0.0265284580489124
"591","DFI0_23","red",-0.0385296040228313
"592","DFI0_23","turquoise",-0.0507152401579841
"593","DFI0_23","black",0.180935320870899
"594","DFI0_23","brown",0.0351053186131238
"595","DFI0_23","tan",0.0510473756348375
"596","DFI0_23","yellow",-0.0157036189860266
"597","DFI0_23","purple",-0.0638086042624676
"598","DFI0_23","salmon",-0.124090839477352
"599","DFI0_23","greenyellow",-0.0985442499949816
"600","DFI0_23","magenta",0.0343969315844052
"601","DFI0_23","pink",0.00741594644672787
"602","DFI0_23","grey",0.0325387990541782
"603","DFI0_24","blue",0.0169051012320569
"604","DFI0_24","green",-0.0643623276762614
"605","DFI0_24","red",-0.0456526150703123
"606","DFI0_24","turquoise",-0.0302466418625745
"607","DFI0_24","black",0.216320957492287
"608","DFI0_24","brown",0.036254113002827
"609","DFI0_24","tan",0.0423178264067378
"610","DFI0_24","yellow",-0.0504039965528322
"611","DFI0_24","purple",-0.123687354890008
"612","DFI0_24","salmon",-0.136115702731116
"613","DFI0_24","greenyellow",-0.0810774429064605
"614","DFI0_24","magenta",0.0534387451866407
"615","DFI0_24","pink",-0.0152843537471302
"616","DFI0_24","grey",-0.0337122918561382
"617","DFJ3_121","blue",0.0647605223491836
"618","DFJ3_121","green",-0.0577590241987404
"619","DFJ3_121","red",-0.00538526329680173
"620","DFJ3_121","turquoise",0.0327999461223473
"621","DFJ3_121","black",0.0659104500212342
"622","DFJ3_121","brown",-0.00571020336591461
"623","DFJ3_121","tan",-0.0279402999619659
"624","DFJ3_121","yellow",-0.0887666439450977
"625","DFJ3_121","purple",-0.059943893113398
"626","DFJ3_121","salmon",-0.0331641089418061
"627","DFJ3_121","greenyellow",-0.037018495259695
"628","DFJ3_121","magenta",0.0337797368241623
"629","DFJ3_121","pink",-0.0411979378289927
"630","DFJ3_121","grey",-0.0508164113779056
"631","DFJ3_122","blue",-0.0161245082825217
"632","DFJ3_122","green",-0.0956719580684882
"633","DFJ3_122","red",-0.0761680354070635
"634","DFJ3_122","turquoise",-0.0811489034772782
"635","DFJ3_122","black",0.0657443822774006
"636","DFJ3_122","brown",0.0628035304973689
"637","DFJ3_122","tan",0.0885518620422431
"638","DFJ3_122","yellow",-0.0290625033849287
"639","DFJ3_122","purple",-0.0517435960884089
"640","DFJ3_122","salmon",0.030844291339149
"641","DFJ3_122","greenyellow",-0.0598727252818319
"642","DFJ3_122","magenta",0.0400805951650517
"643","DFJ3_122","pink",-0.0070396008927741
"644","DFJ3_122","grey",-0.0160366464857696
"645","DFJ3_123","blue",-0.0494713790524769
"646","DFJ3_123","green",-0.0539209792868735
"647","DFJ3_123","red",-0.0691383374155757
"648","DFJ3_123","turquoise",-0.0966035986664416
"649","DFJ3_123","black",0.018147178361803
"650","DFJ3_123","brown",0.048319464568935
"651","DFJ3_123","tan",0.0443351439008112
"652","DFJ3_123","yellow",0.0161544833787413
"653","DFJ3_123","purple",0.0320421400025762
"654","DFJ3_123","salmon",0.0724078712313565
"655","DFJ3_123","greenyellow",0.0417769236210227
"656","DFJ3_123","magenta",0.0364948501920582
"657","DFJ3_123","pink",0.00923105427794028
"658","DFJ3_123","grey",-0.0146883093436748
"659","DFJ3_124","blue",-0.0686682907829484
"660","DFJ3_124","green",-0.106919961741045
"661","DFJ3_124","red",-0.102604282715343
"662","DFJ3_124","turquoise",-0.144596127183276
"663","DFJ3_124","black",0.0318056269916629
"664","DFJ3_124","brown",0.0691817863250471
"665","DFJ3_124","tan",0.0730500075886975
"666","DFJ3_124","yellow",0.00737684197669862
"667","DFJ3_124","purple",0.00871067737575268
"668","DFJ3_124","salmon",0.083480613070843
"669","DFJ3_124","greenyellow",-0.0715214923742897
"670","DFJ3_124","magenta",0.0509659016897956
"671","DFJ3_124","pink",0.00138400604936073
"672","DFJ3_124","grey",-0.0458917019313572
"673","DFL6_129","blue",0.133422394930602
"674","DFL6_129","green",-0.00693829816020794
"675","DFL6_129","red",0.0701158795728021
"676","DFL6_129","turquoise",0.131324429586457
"677","DFL6_129","black",-0.041235501860081
"678","DFL6_129","brown",-0.0353022602618003
"679","DFL6_129","tan",-0.0703748505158015
"680","DFL6_129","yellow",-0.0866800366084985
"681","DFL6_129","purple",0.0682339745702924
"682","DFL6_129","salmon",-0.0483009269718038
"683","DFL6_129","greenyellow",-0.109194260876765
"684","DFL6_129","magenta",-0.0105205017247963
"685","DFL6_129","pink",-0.0341367743792889
"686","DFL6_129","grey",-0.0207272292581623
"687","DFL6_130","blue",0.0781208241003991
"688","DFL6_130","green",0.0212937049357121
"689","DFL6_130","red",0.00822826527056481
"690","DFL6_130","turquoise",0.0731519991883438
"691","DFL6_130","black",-0.0326114779997163
"692","DFL6_130","brown",0.00471734288400118
"693","DFL6_130","tan",-0.00710714501484893
"694","DFL6_130","yellow",-0.0772434664616789
"695","DFL6_130","purple",-0.0258694837862607
"696","DFL6_130","salmon",-0.0224645807633973
"697","DFL6_130","greenyellow",-0.11964928358959
"698","DFL6_130","magenta",0.00391365760792119
"699","DFL6_130","pink",-0.029768681309362
"700","DFL6_130","grey",-0.0350828434601774
"701","DFL6_131","blue",-0.00500970348575167
"702","DFL6_131","green",-0.0310379084809402
"703","DFL6_131","red",-0.0435316858181036
"704","DFL6_131","turquoise",-0.0417942274697227
"705","DFL6_131","black",-0.0331798154406681
"706","DFL6_131","brown",0.0489583876012363
"707","DFL6_131","tan",0.0437002459534086
"708","DFL6_131","yellow",-0.0141155964943981
"709","DFL6_131","purple",0.0873971110605583
"710","DFL6_131","salmon",0.059323751927854
"711","DFL6_131","greenyellow",0.0171467832151009
"712","DFL6_131","magenta",0.015936685704402
"713","DFL6_131","pink",-0.00346745110222303
"714","DFL6_131","grey",0.0208030184798265
"715","DFL6_132","blue",0.0621120877211252
"716","DFL6_132","green",-0.0338441685013538
"717","DFL6_132","red",0.00136997028833743
"718","DFL6_132","turquoise",0.0527801690608478
"719","DFL6_132","black",-0.0424498596344834
"720","DFL6_132","brown",0.0143138332614514
"721","DFL6_132","tan",-0.00714193664394919
"722","DFL6_132","yellow",-0.0571803754416962
"723","DFL6_132","purple",0.0539732344155494
"724","DFL6_132","salmon",0.0105906549318107
"725","DFL6_132","greenyellow",-0.130355912581179
"726","DFL6_132","magenta",0.00103394846672771
"727","DFL6_132","pink",-0.0235363520706574
"728","DFL6_132","grey",-0.0208343028691176
"729","DFTA_85","blue",-0.261482892493178
"730","DFTA_85","green",0.00698777053175378
"731","DFTA_85","red",0.248465152826474
"732","DFTA_85","turquoise",0.0015142846674211
"733","DFTA_85","black",-0.025210725984299
"734","DFTA_85","brown",-0.31804182477523
"735","DFTA_85","tan",-0.0251853865995938
"736","DFTA_85","yellow",0.270402629233777
"737","DFTA_85","purple",-0.0792070690740744
"738","DFTA_85","salmon",-0.128040818972481
"739","DFTA_85","greenyellow",-0.066047945061764
"740","DFTA_85","magenta",-0.0836719380165779
"741","DFTA_85","pink",0.163740009883369
"742","DFTA_85","grey",-0.145972169407668
"743","DFTA_86","blue",0.0109398409325428
"744","DFTA_86","green",0.294632912056876
"745","DFTA_86","red",0.17565655147668
"746","DFTA_86","turquoise",0.150209750583977
"747","DFTA_86","black",-0.0541656056526146
"748","DFTA_86","brown",-0.116214657691444
"749","DFTA_86","tan",-0.0904425608127329
"750","DFTA_86","yellow",0.0618446480913514
"751","DFTA_86","purple",-0.017837940560367
"752","DFTA_86","salmon",-0.0954093256814304
"753","DFTA_86","greenyellow",-0.0503272832573876
"754","DFTA_86","magenta",-0.0731040197581764
"755","DFTA_86","pink",0.0648606761980472
"756","DFTA_86","grey",0.0490006494531845
"757","DFTA_87","blue",-0.197727049674755
"758","DFTA_87","green",0.201205169243772
"759","DFTA_87","red",0.207523338378358
"760","DFTA_87","turquoise",0.0220829443412871
"761","DFTA_87","black",-0.2047888071895
"762","DFTA_87","brown",-0.221647297450355
"763","DFTA_87","tan",-0.0953954631186844
"764","DFTA_87","yellow",0.271360754625514
"765","DFTA_87","purple",0.2148358917949
"766","DFTA_87","salmon",0.0588515100767636
"767","DFTA_87","greenyellow",-0.030261972615067
"768","DFTA_87","magenta",-0.0922465431100508
"769","DFTA_87","pink",0.158145305207327
"770","DFTA_87","grey",0.0433478150082006
"771","DFTA_88","blue",0.0991400254416732
"772","DFTA_88","green",0.121142676021026
"773","DFTA_88","red",0.0685392292063375
"774","DFTA_88","turquoise",0.133213701205488
"775","DFTA_88","black",-0.0100094386119827
"776","DFTA_88","brown",-0.0290335048965167
"777","DFTA_88","tan",-0.0119259144858018
"778","DFTA_88","yellow",-0.0461936102262541
"779","DFTA_88","purple",0.0539084538855608
"780","DFTA_88","salmon",-0.0662870505046145
"781","DFTA_88","greenyellow",-0.0636857716543567
"782","DFTA_88","magenta",-0.028616315389144
"783","DFTA_88","pink",-0.0173807142093739
"784","DFTA_88","grey",-0.040299397211491
"785","DFVJ_1","blue",0.174784262602429
"786","DFVJ_1","green",0.012522132953451
"787","DFVJ_1","red",0.098830139959363
"788","DFVJ_1","turquoise",0.200619259794579
"789","DFVJ_1","black",0.0919316089232003
"790","DFVJ_1","brown",-0.0679702143147758
"791","DFVJ_1","tan",-0.0967665846660249
"792","DFVJ_1","yellow",-0.130337464108474
"793","DFVJ_1","purple",-0.0595620346601162
"794","DFVJ_1","salmon",-0.216457204066211
"795","DFVJ_1","greenyellow",0.106928076562307
"796","DFVJ_1","magenta",-0.0212753032793973
"797","DFVJ_1","pink",-0.0572622618342584
"798","DFVJ_1","grey",0.00245065707056476
"799","DFVJ_2","blue",0.0374896796121503
"800","DFVJ_2","green",0.0787000447793967
"801","DFVJ_2","red",0.0674048845015474
"802","DFVJ_2","turquoise",0.103453621463724
"803","DFVJ_2","black",0.0690089093086932
"804","DFVJ_2","brown",-0.0597591230492883
"805","DFVJ_2","tan",-0.0359900190387613
"806","DFVJ_2","yellow",-0.00872236974324312
"807","DFVJ_2","purple",-0.0050053089796765
"808","DFVJ_2","salmon",-0.13282645168717
"809","DFVJ_2","greenyellow",0.101887936978325
"810","DFVJ_2","magenta",-0.0522654682356358
"811","DFVJ_2","pink",-0.00305409671490165
"812","DFVJ_2","grey",0.1421375264037
"813","DFVJ_3","blue",-0.0100466890577774
"814","DFVJ_3","green",0.0288209146619449
"815","DFVJ_3","red",-0.029557923465311
"816","DFVJ_3","turquoise",-0.0170506472031562
"817","DFVJ_3","black",0.0459712800206664
"818","DFVJ_3","brown",0.0179286027427049
"819","DFVJ_3","tan",0.0348322866741365
"820","DFVJ_3","yellow",0.0086685250639859
"821","DFVJ_3","purple",0.1199996708188
"822","DFVJ_3","salmon",-0.0289676142128202
"823","DFVJ_3","greenyellow",0.0517317794666358
"824","DFVJ_3","magenta",-0.00734387375256284
"825","DFVJ_3","pink",0.0118409354460759
"826","DFVJ_3","grey",0.0776091170017099
"827","DFVJ_4","blue",0.0263021594881655
"828","DFVJ_4","green",0.0116479616213622
"829","DFVJ_4","red",-0.0192823449250068
"830","DFVJ_4","turquoise",0.0108324772809362
"831","DFVJ_4","black",0.079637376561245
"832","DFVJ_4","brown",0.0183219734474762
"833","DFVJ_4","tan",0.00988725772267976
"834","DFVJ_4","yellow",-0.0331654644972322
"835","DFVJ_4","purple",0.0433015237419197
"836","DFVJ_4","salmon",-0.0515388319650878
"837","DFVJ_4","greenyellow",-0.00783374062577872
"838","DFVJ_4","magenta",0.0117045899960455
"839","DFVJ_4","pink",-0.0147407597832283
"840","DFVJ_4","grey",0.00886812090250472
"841","DFWG_101","blue",0.219239510352006
"842","DFWG_101","green",0.0591426178828538
"843","DFWG_101","red",0.116720363767134
"844","DFWG_101","turquoise",0.214329253472129
"845","DFWG_101","black",0.0250952794287529
"846","DFWG_101","brown",-0.0752786893337075
"847","DFWG_101","tan",-0.161854930492861
"848","DFWG_101","yellow",-0.164578612442049
"849","DFWG_101","purple",-0.065861762647859
"850","DFWG_101","salmon",-0.144270426760296
"851","DFWG_101","greenyellow",-0.0407782009316692
"852","DFWG_101","magenta",0.00702160781354331
"853","DFWG_101","pink",-0.0627193892587302
"854","DFWG_101","grey",-0.0699502796445493
"855","DFWG_102","blue",0.0785203582169103
"856","DFWG_102","green",0.126135191155028
"857","DFWG_102","red",0.00231100056055453
"858","DFWG_102","turquoise",0.0621401247002357
"859","DFWG_102","black",0.00379019039936975
"860","DFWG_102","brown",-0.0159501879749382
"861","DFWG_102","tan",-0.0773373598402219
"862","DFWG_102","yellow",-0.10623348174082
"863","DFWG_102","purple",0.0631671890459501
"864","DFWG_102","salmon",-0.0406886798766131
"865","DFWG_102","greenyellow",-0.0860151174610614
"866","DFWG_102","magenta",0.0236701136739541
"867","DFWG_102","pink",-0.0276919989256112
"868","DFWG_102","grey",-0.0676670640374805
"869","DFWG_103","blue",0.0483229994391093
"870","DFWG_103","green",0.0710005908130082
"871","DFWG_103","red",-0.0146304042327579
"872","DFWG_103","turquoise",0.0409352392845998
"873","DFWG_103","black",-0.0196246409952622
"874","DFWG_103","brown",0.0152152895217706
"875","DFWG_103","tan",-0.0322936672891085
"876","DFWG_103","yellow",-0.0423600904718721
"877","DFWG_103","purple",0.0969722455647063
"878","DFWG_103","salmon",0.0258777329682169
"879","DFWG_103","greenyellow",-0.000180851104099992
"880","DFWG_103","magenta",0.0100088583215886
"881","DFWG_103","pink",-0.00661193329859064
"882","DFWG_103","grey",0.00220782279723738
"883","DFWG_104","blue",-0.00821589972742328
"884","DFWG_104","green",-0.0533562526007822
"885","DFWG_104","red",-0.109230261100126
"886","DFWG_104","turquoise",-0.0917592434226775
"887","DFWG_104","black",0.0352741345997928
"888","DFWG_104","brown",0.0912484406888127
"889","DFWG_104","tan",0.0783462866137662
"890","DFWG_104","yellow",-0.0270472850361916
"891","DFWG_104","purple",0.0481181759457216
"892","DFWG_104","salmon",0.0826381678397161
"893","DFWG_104","greenyellow",-0.046296877981042
"894","DFWG_104","magenta",0.0589999332814278
"895","DFWG_104","pink",-0.0104709024818383
"896","DFWG_104","grey",-0.0612003213772673
"897","DFX6_5","blue",-0.048589134013948
"898","DFX6_5","green",-0.0172931378073252
"899","DFX6_5","red",0.110746369286982
"900","DFX6_5","turquoise",0.0466242712839673
"901","DFX6_5","black",-0.00457031021158067
"902","DFX6_5","brown",-0.107081370485826
"903","DFX6_5","tan",-0.0295611193318982
"904","DFX6_5","yellow",0.0802962001236568
"905","DFX6_5","purple",0.00358804353444149
"906","DFX6_5","salmon",-0.0562940812815619
"907","DFX6_5","greenyellow",0.0086356790249828
"908","DFX6_5","magenta",-0.0344944247178384
"909","DFX6_5","pink",0.0520218501944213
"910","DFX6_5","grey",0.0701221695408517
"911","DFX6_6","blue",0.152395221345468
"912","DFX6_6","green",0.211237042428723
"913","DFX6_6","red",0.0986241880959122
"914","DFX6_6","turquoise",0.183423890877273
"915","DFX6_6","black",-0.0085197577571308
"916","DFX6_6","brown",-0.0318208300865809
"917","DFX6_6","tan",-0.0713162204570846
"918","DFX6_6","yellow",-0.108048024124759
"919","DFX6_6","purple",-0.0804930722629186
"920","DFX6_6","salmon",-0.118181587185909
"921","DFX6_6","greenyellow",-0.0522682083153682
"922","DFX6_6","magenta",-0.0214976897579178
"923","DFX6_6","pink",-0.0332859545049947
"924","DFX6_6","grey",-0.0281827597327129
"925","DFX6_7","blue",0.00669052137048111
"926","DFX6_7","green",-0.0192854261588311
"927","DFX6_7","red",-0.0580200548366659
"928","DFX6_7","turquoise",-0.0382650004895789
"929","DFX6_7","black",-0.0109551719535221
"930","DFX6_7","brown",0.0777389560196382
"931","DFX6_7","tan",0.090281235397972
"932","DFX6_7","yellow",-0.0178444325000855
"933","DFX6_7","purple",0.0250143867393214
"934","DFX6_7","salmon",0.0464683015213076
"935","DFX6_7","greenyellow",-0.0669134301961076
"936","DFX6_7","magenta",0.00678201356089227
"937","DFX6_7","pink",-0.0156739156889812
"938","DFX6_7","grey",0.040345961434369
"939","DFX6_8","blue",-0.0350492825390589
"940","DFX6_8","green",-0.0758930129407056
"941","DFX6_8","red",-0.0855127526472024
"942","DFX6_8","turquoise",-0.0937006772294513
"943","DFX6_8","black",-0.00122926257912495
"944","DFX6_8","brown",0.0904960389525727
"945","DFX6_8","tan",0.0960649144585131
"946","DFX6_8","yellow",-0.0020043425822661
"947","DFX6_8","purple",-0.0228190867551242
"948","DFX6_8","salmon",0.0692716517426223
"949","DFX6_8","greenyellow",-0.0160440884248904
"950","DFX6_8","magenta",0.0336103745233797
"951","DFX6_8","pink",-0.00599889729310014
"952","DFX6_8","grey",-0.0185676193439569
"953","DFXH_25","blue",0.0662091961541288
"954","DFXH_25","green",-0.0585314965733482
"955","DFXH_25","red",-0.0341313633067079
"956","DFXH_25","turquoise",0.018275193820224
"957","DFXH_25","black",0.184189271572846
"958","DFXH_25","brown",0.00289797954921648
"959","DFXH_25","tan",-0.0265132390270998
"960","DFXH_25","yellow",-0.0902036522644021
"961","DFXH_25","purple",-0.100566920565295
"962","DFXH_25","salmon",-0.143507022430416
"963","DFXH_25","greenyellow",-0.0304698246414802
"964","DFXH_25","magenta",0.0507079301567972
"965","DFXH_25","pink",-0.0289377330012225
"966","DFXH_25","grey",-0.0350373566506813
"967","DFXH_26","blue",-0.114971688881485
"968","DFXH_26","green",-0.0717886079502626
"969","DFXH_26","red",0.0194026952873224
"970","DFXH_26","turquoise",-0.132886600519342
"971","DFXH_26","black",0.124735577927274
"972","DFXH_26","brown",-0.103717577682698
"973","DFXH_26","tan",-0.254881368437378
"974","DFXH_26","yellow",0.105749601613211
"975","DFXH_26","purple",-0.0332054404690313
"976","DFXH_26","salmon",-0.00528116133092337
"977","DFXH_26","greenyellow",0.0230603510646894
"978","DFXH_26","magenta",0.0311657451523632
"979","DFXH_26","pink",0.0761549953121479
"980","DFXH_26","grey",0.171902908727282
"981","DFXH_27","blue",-0.0637554615395305
"982","DFXH_27","green",-0.0633349019824484
"983","DFXH_27","red",-0.102431934467145
"984","DFXH_27","turquoise",-0.129330233171358
"985","DFXH_27","black",0.0737605169497417
"986","DFXH_27","brown",0.0803344821629161
"987","DFXH_27","tan",0.0991353655460968
"988","DFXH_27","yellow",0.040384199039696
"989","DFXH_27","purple",0.107487892523282
"990","DFXH_27","salmon",0.0539682284930406
"991","DFXH_27","greenyellow",-0.0400387656900263
"992","DFXH_27","magenta",0.0195492163399349
"993","DFXH_27","pink",0.0199572990929724
"994","DFXH_27","grey",0.046183742208746
"995","DFXH_28","blue",-0.046946473693297
"996","DFXH_28","green",-0.104586284583003
"997","DFXH_28","red",-0.110619254226403
"998","DFXH_28","turquoise",-0.14274556952184
"999","DFXH_28","black",0.124119363997615
"1000","DFXH_28","brown",0.0670040721228706
"1001","DFXH_28","tan",0.0522809129959683
"1002","DFXH_28","yellow",-0.00805378861636576
"1003","DFXH_28","purple",0.00362518158411675
"1004","DFXH_28","salmon",0.0141128116007002
"1005","DFXH_28","greenyellow",-0.0692528977891176
"1006","DFXH_28","magenta",0.0556778688810691
"1007","DFXH_28","pink",0.0012550910285986
"1008","DFXH_28","grey",-0.00829159727132278
"1009","DFXL_17","blue",0.0548617648439126
"1010","DFXL_17","green",-0.0407199701204438
"1011","DFXL_17","red",-0.016569172728029
"1012","DFXL_17","turquoise",0.0453691370036545
"1013","DFXL_17","black",0.160217224723533
"1014","DFXL_17","brown",0.00747186733666845
"1015","DFXL_17","tan",0.0207527949078018
"1016","DFXL_17","yellow",-0.0672037837279674
"1017","DFXL_17","purple",-0.0948830972889103
"1018","DFXL_17","salmon",-0.129801708151891
"1019","DFXL_17","greenyellow",-0.00457815395524848
"1020","DFXL_17","magenta",0.0208944392374825
"1021","DFXL_17","pink",-0.0240485412617736
"1022","DFXL_17","grey",-0.00455834236959923
"1023","DFXL_18","blue",-0.0267763560817314
"1024","DFXL_18","green",-0.0645123491838867
"1025","DFXL_18","red",-0.0297430909208617
"1026","DFXL_18","turquoise",-0.0366529533867402
"1027","DFXL_18","black",0.157564434294457
"1028","DFXL_18","brown",0.0278076351335004
"1029","DFXL_18","tan",0.0684792721168996
"1030","DFXL_18","yellow",0.012706406287714
"1031","DFXL_18","purple",-0.0516921176347062
"1032","DFXL_18","salmon",-0.0735140866444552
"1033","DFXL_18","greenyellow",-0.0443650942288133
"1034","DFXL_18","magenta",0.0262696720872288
"1035","DFXL_18","pink",0.0107669055420109
"1036","DFXL_18","grey",0.0284835638875101
"1037","DFXL_19","blue",-0.00377834682819965
"1038","DFXL_19","green",-0.0166368176856364
"1039","DFXL_19","red",-0.0287544219070145
"1040","DFXL_19","turquoise",-0.0305575445531925
"1041","DFXL_19","black",0.111627962225774
"1042","DFXL_19","brown",0.0358944413450814
"1043","DFXL_19","tan",0.056249926224878
"1044","DFXL_19","yellow",-0.0153681385256125
"1045","DFXL_19","purple",0.00627337963730105
"1046","DFXL_19","salmon",-0.0537740988839544
"1047","DFXL_19","greenyellow",-0.0106587913187558
"1048","DFXL_19","magenta",0.0206966914436427
"1049","DFXL_19","pink",0.000558446945550085
"1050","DFXL_19","grey",0.0238207426701204
"1051","DFXL_20","blue",0.00111870791809991
"1052","DFXL_20","green",-0.0571362837170764
"1053","DFXL_20","red",-0.052650066487429
"1054","DFXL_20","turquoise",-0.047132212095701
"1055","DFXL_20","black",0.175610592248391
"1056","DFXL_20","brown",0.0550023255632646
"1057","DFXL_20","tan",0.0775182427270014
"1058","DFXL_20","yellow",-0.0204406637397035
"1059","DFXL_20","purple",-0.0764013740527641
"1060","DFXL_20","salmon",-0.0721212206134011
"1061","DFXL_20","greenyellow",-0.039562275503278
"1062","DFXL_20","magenta",0.0459371679500829
"1063","DFXL_20","pink",-0.00468224351529906
"1064","DFXL_20","grey",0.00103584934213215
"1065","DFZ4_93","blue",-0.0237578258384235
"1066","DFZ4_93","green",-0.0509787628868057
"1067","DFZ4_93","red",-0.0176700025605062
"1068","DFZ4_93","turquoise",-0.0456220088096255
"1069","DFZ4_93","black",0.0605791279329124
"1070","DFZ4_93","brown",0.00218537987225808
"1071","DFZ4_93","tan",0.0122565180801101
"1072","DFZ4_93","yellow",0.0170192989656275
"1073","DFZ4_93","purple",0.0165115673909567
"1074","DFZ4_93","salmon",-0.00457798866838001
"1075","DFZ4_93","greenyellow",-0.0762120513308927
"1076","DFZ4_93","magenta",0.0304151995514691
"1077","DFZ4_93","pink",0.0125108495614146
"1078","DFZ4_93","grey",-0.0335125477851326
"1079","DFZ4_94","blue",-0.355613482637712
"1080","DFZ4_94","green",-0.104277459277696
"1081","DFZ4_94","red",0.253864117449197
"1082","DFZ4_94","turquoise",-0.0576692175415287
"1083","DFZ4_94","black",-0.0765655071091484
"1084","DFZ4_94","brown",-0.371311145416599
"1085","DFZ4_94","tan",0.150006213932916
"1086","DFZ4_94","yellow",0.367042687514514
"1087","DFZ4_94","purple",-0.0538471361873015
"1088","DFZ4_94","salmon",-0.175626374904122
"1089","DFZ4_94","greenyellow",-0.00731515915224179
"1090","DFZ4_94","magenta",-0.128498530509952
"1091","DFZ4_94","pink",0.200143167298354
"1092","DFZ4_94","grey",-0.488686253214562
"1093","DFZ4_95","blue",-0.355433672919328
"1094","DFZ4_95","green",-0.101951975994489
"1095","DFZ4_95","red",0.283247457458797
"1096","DFZ4_95","turquoise",-0.0242028597070857
"1097","DFZ4_95","black",-0.0653474147145355
"1098","DFZ4_95","brown",-0.391400550255109
"1099","DFZ4_95","tan",0.039730516262428
"1100","DFZ4_95","yellow",0.341364020351198
"1101","DFZ4_95","purple",-0.078877037628655
"1102","DFZ4_95","salmon",-0.227158150228026
"1103","DFZ4_95","greenyellow",0.0151401654409904
"1104","DFZ4_95","magenta",-0.143569412690933
"1105","DFZ4_95","pink",0.184027703180944
"1106","DFZ4_95","grey",-0.333942299035023
"1107","DFZ4_96","blue",-0.0341539821419571
"1108","DFZ4_96","green",-0.0919137074735016
"1109","DFZ4_96","red",-0.115841925205356
"1110","DFZ4_96","turquoise",-0.12742395828095
"1111","DFZ4_96","black",0.069749396109222
"1112","DFZ4_96","brown",0.0978178871503308
"1113","DFZ4_96","tan",0.0845759371695292
"1114","DFZ4_96","yellow",-0.0276179213374707
"1115","DFZ4_96","purple",0.00761720671748339
"1116","DFZ4_96","salmon",0.0432229456663596
"1117","DFZ4_96","greenyellow",-0.0428432124025221
"1118","DFZ4_96","magenta",0.0484703104412798
"1119","DFZ4_96","pink",-0.0129535193720241
"1120","DFZ4_96","grey",-0.0594060547199207
"1121","DG02_125","blue",0.0631438592032136
"1122","DG02_125","green",-0.0110579079356065
"1123","DG02_125","red",0.0406984855551072
"1124","DG02_125","turquoise",0.0767711993492056
"1125","DG02_125","black",-0.0436945760448901
"1126","DG02_125","brown",-0.0200142079951066
"1127","DG02_125","tan",-0.00372933672782465
"1128","DG02_125","yellow",-0.0495030904618938
"1129","DG02_125","purple",-0.0820236381088895
"1130","DG02_125","salmon",-0.0608686563435744
"1131","DG02_125","greenyellow",-0.0500030853043583
"1132","DG02_125","magenta",0.00648150680842622
"1133","DG02_125","pink",-0.0118220861562749
"1134","DG02_125","grey",-0.0340125245049992
"1135","DG02_126","blue",0.0535139995029391
"1136","DG02_126","green",-0.0235834165326112
"1137","DG02_126","red",-0.00838884312739792
"1138","DG02_126","turquoise",0.0484716717488984
"1139","DG02_126","black",-0.0324663573006465
"1140","DG02_126","brown",0.0283429603971132
"1141","DG02_126","tan",0.0550945991219982
"1142","DG02_126","yellow",-0.050870873262676
"1143","DG02_126","purple",-0.0327628736756097
"1144","DG02_126","salmon",-0.0144109226591598
"1145","DG02_126","greenyellow",0.00520225495565151
"1146","DG02_126","magenta",0.00796629374696759
"1147","DG02_126","pink",-0.0147958082135408
"1148","DG02_126","grey",0.0174560128375286
"1149","DG02_127","blue",0.0457486597548452
"1150","DG02_127","green",-0.0221279822942168
"1151","DG02_127","red",-0.023968675759994
"1152","DG02_127","turquoise",0.0230554077246197
"1153","DG02_127","black",-0.060987779560242
"1154","DG02_127","brown",0.0286342488625872
"1155","DG02_127","tan",0.0056924516861869
"1156","DG02_127","yellow",-0.052305853154239
"1157","DG02_127","purple",0.0207491050452833
"1158","DG02_127","salmon",0.0232265408503708
"1159","DG02_127","greenyellow",-0.0298412042523507
"1160","DG02_127","magenta",0.0256042357706835
"1161","DG02_127","pink",-0.014231363182642
"1162","DG02_127","grey",-0.0310975893510762
"1163","DG02_128","blue",0.0873247893659279
"1164","DG02_128","green",-0.031955505016717
"1165","DG02_128","red",0.00443498660159521
"1166","DG02_128","turquoise",0.0683352983249744
"1167","DG02_128","black",-0.0437175001598071
"1168","DG02_128","brown",0.00826043157080237
"1169","DG02_128","tan",0.00389244282092118
"1170","DG02_128","yellow",-0.0720241574927799
"1171","DG02_128","purple",-0.0278163391758642
"1172","DG02_128","salmon",-0.0151987362927792
"1173","DG02_128","greenyellow",-0.0858425238518583
"1174","DG02_128","magenta",0.0155760150827712
"1175","DG02_128","pink",-0.0305455403870106
"1176","DG02_128","grey",-0.0463664581996965
"1177","DG05_10","blue",0.107453796962633
"1178","DG05_10","green",-0.049362665929442
"1179","DG05_10","red",0.00320934423820051
"1180","DG05_10","turquoise",0.087215447270075
"1181","DG05_10","black",0.0236019841781396
"1182","DG05_10","brown",0.0157890485482494
"1183","DG05_10","tan",-0.0250853337062372
"1184","DG05_10","yellow",-0.0977609648704307
"1185","DG05_10","purple",-0.0859636285415994
"1186","DG05_10","salmon",-0.039995719379526
"1187","DG05_10","greenyellow",0.0892089343683642
"1188","DG05_10","magenta",0.0115235365324261
"1189","DG05_10","pink",-0.034766560468613
"1190","DG05_10","grey",-0.0360688797965175
"1191","DG05_11","blue",0.119375060522445
"1192","DG05_11","green",0.0511993833276647
"1193","DG05_11","red",0.0594438098426567
"1194","DG05_11","turquoise",0.154032641891851
"1195","DG05_11","black",-0.0811694087014358
"1196","DG05_11","brown",0.0214748899548188
"1197","DG05_11","tan",0.0476357330243871
"1198","DG05_11","yellow",-0.0575281630875459
"1199","DG05_11","purple",0.0304018628398813
"1200","DG05_11","salmon",-0.0168846733347919
"1201","DG05_11","greenyellow",-0.0167848279675886
"1202","DG05_11","magenta",-0.0654169226601088
"1203","DG05_11","pink",-0.0325931313162694
"1204","DG05_11","grey",0.0454194850089179
"1205","DG05_12","blue",0.0415656570253514
"1206","DG05_12","green",-0.053545383241186
"1207","DG05_12","red",-0.045469208116358
"1208","DG05_12","turquoise",0.000849054253511769
"1209","DG05_12","black",-0.0445383319807103
"1210","DG05_12","brown",0.0639194926051137
"1211","DG05_12","tan",0.0559813011908952
"1212","DG05_12","yellow",-0.0436465496272084
"1213","DG05_12","purple",0.0416813790289336
"1214","DG05_12","salmon",0.0554476628058813
"1215","DG05_12","greenyellow",-0.0128865851030369
"1216","DG05_12","magenta",-0.00202912878633596
"1217","DG05_12","pink",-0.0250457416165262
"1218","DG05_12","grey",0.0274444851235021
"1219","DG05_9","blue",0.116655310714771
"1220","DG05_9","green",-0.0542393816366004
"1221","DG05_9","red",0.0143842666253537
"1222","DG05_9","turquoise",0.0936746109791051
"1223","DG05_9","black",0.0180406332343171
"1224","DG05_9","brown",-0.0117576722314269
"1225","DG05_9","tan",-0.0615998608027688
"1226","DG05_9","yellow",-0.0948883750468285
"1227","DG05_9","purple",-0.0527177176555556
"1228","DG05_9","salmon",-0.0337038594391339
"1229","DG05_9","greenyellow",0.114415820709135
"1230","DG05_9","magenta",0.0110815761008722
"1231","DG05_9","pink",-0.0390502002925307
"1232","DG05_9","grey",-0.0100495943128353
"1233","DG49_137","blue",0.0301661976032163
"1234","DG49_137","green",-0.0337294582304067
"1235","DG49_137","red",-0.0334876772843537
"1236","DG49_137","turquoise",-0.0294304769273034
"1237","DG49_137","black",-0.0433309098551343
"1238","DG49_137","brown",0.0334050054836813
"1239","DG49_137","tan",-0.0276756291780128
"1240","DG49_137","yellow",-0.0480607865384452
"1241","DG49_137","purple",0.0528428420950513
"1242","DG49_137","salmon",0.0297554610015075
"1243","DG49_137","greenyellow",0.0210385524312586
"1244","DG49_137","magenta",0.0529282310110225
"1245","DG49_137","pink",-0.00938172820603489
"1246","DG49_137","grey",-0.0455162894500719
"1247","DG49_138","blue",0.162252945041209
"1248","DG49_138","green",0.0962810010090629
"1249","DG49_138","red",0.148579042319218
"1250","DG49_138","turquoise",0.196018832526944
"1251","DG49_138","black",-0.103572805473274
"1252","DG49_138","brown",-0.0736606835050966
"1253","DG49_138","tan",-0.104276516705908
"1254","DG49_138","yellow",-0.0906161510347867
"1255","DG49_138","purple",-0.069937139452294
"1256","DG49_138","salmon",-0.0903160914052933
"1257","DG49_138","greenyellow",0.223530368454971
"1258","DG49_138","magenta",-0.0333209958680969
"1259","DG49_138","pink",-0.0233081662985461
"1260","DG49_138","grey",-0.0225510316942471
"1261","DG49_139","blue",0.0397712380263708
"1262","DG49_139","green",-0.0267390043271795
"1263","DG49_139","red",-0.0113193953806055
"1264","DG49_139","turquoise",0.00446978372942153
"1265","DG49_139","black",-0.0739675867169552
"1266","DG49_139","brown",0.0320851525285119
"1267","DG49_139","tan",-0.0149883212439197
"1268","DG49_139","yellow",-0.0345949545015978
"1269","DG49_139","purple",0.0410797503671297
"1270","DG49_139","salmon",0.042504867475179
"1271","DG49_139","greenyellow",0.0677226606758703
"1272","DG49_139","magenta",0.0237154743379923
"1273","DG49_139","pink",-0.0111249050730282
"1274","DG49_139","grey",-0.026257624764814
"1275","DG49_140","blue",0.0668205941945761
"1276","DG49_140","green",-0.0089718411419537
"1277","DG49_140","red",-0.0100822985965245
"1278","DG49_140","turquoise",0.0353093014109926
"1279","DG49_140","black",-0.0540209447423662
"1280","DG49_140","brown",0.0197721144867215
"1281","DG49_140","tan",-0.0336597280853572
"1282","DG49_140","yellow",-0.0555152763180996
"1283","DG49_140","purple",0.0216152508047515
"1284","DG49_140","salmon",0.0173414048505216
"1285","DG49_140","greenyellow",0.0130415203585181
"1286","DG49_140","magenta",0.0264307503784419
"1287","DG49_140","pink",-0.0194517994392647
"1288","DG49_140","grey",-0.047914428094588
"1289","DG75_105","blue",-0.0646690763527214
"1290","DG75_105","green",-0.0811735334739434
"1291","DG75_105","red",0.0167147999133272
"1292","DG75_105","turquoise",-0.0805919698670425
"1293","DG75_105","black",0.0262637824062128
"1294","DG75_105","brown",-0.0772174357676255
"1295","DG75_105","tan",-0.268868036561364
"1296","DG75_105","yellow",0.0423580352214633
"1297","DG75_105","purple",-0.0421334099482799
"1298","DG75_105","salmon",0.0728449504484176
"1299","DG75_105","greenyellow",0.0697572303489032
"1300","DG75_105","magenta",0.0531650418580679
"1301","DG75_105","pink",0.02843981443093
"1302","DG75_105","grey",0.113749840301308
"1303","DG75_106","blue",-0.00884724018253633
"1304","DG75_106","green",0.233205048438485
"1305","DG75_106","red",0.0322919768377026
"1306","DG75_106","turquoise",0.0196860104492269
"1307","DG75_106","black",-0.00510917096620364
"1308","DG75_106","brown",-0.00597711603816564
"1309","DG75_106","tan",-0.00327358429063089
"1310","DG75_106","yellow",-0.00581081383753152
"1311","DG75_106","purple",-0.0936235747010377
"1312","DG75_106","salmon",-0.0497634336863806
"1313","DG75_106","greenyellow",-0.00564205380505549
"1314","DG75_106","magenta",-0.00639722193890023
"1315","DG75_106","pink",0.028867811544599
"1316","DG75_106","grey",0.0405122614610868
"1317","DG75_107","blue",-0.0850068100682893
"1318","DG75_107","green",0.0845617682236209
"1319","DG75_107","red",-0.0479216246546389
"1320","DG75_107","turquoise",-0.127751714181751
"1321","DG75_107","black",-0.0709426916025355
"1322","DG75_107","brown",0.0405166638348189
"1323","DG75_107","tan",-0.00623218390030259
"1324","DG75_107","yellow",0.0510205901121168
"1325","DG75_107","purple",0.176284507731031
"1326","DG75_107","salmon",0.127170539071884
"1327","DG75_107","greenyellow",0.215154010700047
"1328","DG75_107","magenta",0.0413487882107167
"1329","DG75_107","pink",0.0532430511239223
"1330","DG75_107","grey",0.0109666164149092
"1331","DG75_108","blue",-0.0312213857328147
"1332","DG75_108","green",-0.0283502657391084
"1333","DG75_108","red",-0.0872084628069734
"1334","DG75_108","turquoise",-0.0957750888820775
"1335","DG75_108","black",0.0415541367287603
"1336","DG75_108","brown",0.0638027986360601
"1337","DG75_108","tan",0.0520638892410895
"1338","DG75_108","yellow",-0.0175111763640805
"1339","DG75_108","purple",0.0333119109804849
"1340","DG75_108","salmon",0.0588672100394095
"1341","DG75_108","greenyellow",-0.108146896547463
"1342","DG75_108","magenta",0.0432931896179979
"1343","DG75_108","pink",-0.0149944782093325
"1344","DG75_108","grey",-0.0229773285517604
"1345","DG82_81","blue",0.0144830196736718
"1346","DG82_81","green",-0.072617650169474
"1347","DG82_81","red",0.175349795093719
"1348","DG82_81","turquoise",0.113898929163859
"1349","DG82_81","black",-0.0869829209096858
"1350","DG82_81","brown",-0.187913234519251
"1351","DG82_81","tan",-0.173534142840846
"1352","DG82_81","yellow",0.00269204181410874
"1353","DG82_81","purple",-0.0757894967885146
"1354","DG82_81","salmon",-0.0413544844570604
"1355","DG82_81","greenyellow",-0.00189332450169191
"1356","DG82_81","magenta",-0.0385538389312295
"1357","DG82_81","pink",-0.00861415375919908
"1358","DG82_81","grey",-0.0615954987103248
"1359","DG82_82","blue",-0.0167994877142843
"1360","DG82_82","green",0.0116196340886017
"1361","DG82_82","red",0.173494708580371
"1362","DG82_82","turquoise",0.142571269198413
"1363","DG82_82","black",-0.127735505553507
"1364","DG82_82","brown",-0.19085334333794
"1365","DG82_82","tan",-0.160953217099931
"1366","DG82_82","yellow",0.0481558113319787
"1367","DG82_82","purple",-0.124740521008933
"1368","DG82_82","salmon",-0.0544661293076861
"1369","DG82_82","greenyellow",-0.0393677268358477
"1370","DG82_82","magenta",-0.113700193474299
"1371","DG82_82","pink",-0.00907405001138477
"1372","DG82_82","grey",-0.0371570470341501
"1373","DG82_83","blue",-0.12939036990983
"1374","DG82_83","green",-0.0502133100615159
"1375","DG82_83","red",-0.00637532805990532
"1376","DG82_83","turquoise",-0.0924976231907837
"1377","DG82_83","black",-0.128437566260539
"1378","DG82_83","brown",-0.00337587303453174
"1379","DG82_83","tan",0.073126359272896
"1380","DG82_83","yellow",0.119932823079905
"1381","DG82_83","purple",0.0824478841098813
"1382","DG82_83","salmon",0.123022188726202
"1383","DG82_83","greenyellow",0.172254211989095
"1384","DG82_83","magenta",-0.0146371935051231
"1385","DG82_83","pink",0.0425423440730716
"1386","DG82_83","grey",0.0533335441540814
"1387","DG82_84","blue",-0.203418347814281
"1388","DG82_84","green",-0.11549875352403
"1389","DG82_84","red",0.101261327204144
"1390","DG82_84","turquoise",-0.0914374647956878
"1391","DG82_84","black",-0.111889801218054
"1392","DG82_84","brown",-0.11999319358155
"1393","DG82_84","tan",0.016374973377306
"1394","DG82_84","yellow",0.225529637414934
"1395","DG82_84","purple",-0.0316174910401225
"1396","DG82_84","salmon",0.0630963401207478
"1397","DG82_84","greenyellow",0.104295813506238
"1398","DG82_84","magenta",-0.0196358956983238
"1399","DG82_84","pink",0.0970516621503097
"1400","DG82_84","grey",-0.031004970451869
"1401","DJF9_29","blue",0.0585197815336421
"1402","DJF9_29","green",-0.0441291482921093
"1403","DJF9_29","red",-0.000860195682275968
"1404","DJF9_29","turquoise",0.0430378221325272
"1405","DJF9_29","black",0.164670151053312
"1406","DJF9_29","brown",-0.00671719165553006
"1407","DJF9_29","tan",0.00102346358717149
"1408","DJF9_29","yellow",-0.0626343306741387
"1409","DJF9_29","purple",-0.122547620474207
"1410","DJF9_29","salmon",-0.146857512055481
"1411","DJF9_29","greenyellow",0.0337282441476468
"1412","DJF9_29","magenta",0.0225164623329063
"1413","DJF9_29","pink",-0.0186029003409297
"1414","DJF9_29","grey",-0.00306654554892118
"1415","DJF9_30","blue",-0.00847835343441991
"1416","DJF9_30","green",0.229344436439616
"1417","DJF9_30","red",0.0259014917068918
"1418","DJF9_30","turquoise",0.0116990149647564
"1419","DJF9_30","black",0.0946006584884688
"1420","DJF9_30","brown",-0.0172814136229127
"1421","DJF9_30","tan",-0.0247885108688412
"1422","DJF9_30","yellow",0.00295829007598761
"1423","DJF9_30","purple",-0.0685780067758246
"1424","DJF9_30","salmon",-0.0835838030177243
"1425","DJF9_30","greenyellow",-0.0284522446405321
"1426","DJF9_30","magenta",-0.00337111892876669
"1427","DJF9_30","pink",0.0247006837342523
"1428","DJF9_30","grey",0.0629668052717676
"1429","DJF9_31","blue",-0.0520548223770639
"1430","DJF9_31","green",0.219783072499861
"1431","DJF9_31","red",0.00509342702607566
"1432","DJF9_31","turquoise",-0.0189704155868543
"1433","DJF9_31","black",-0.0461166593598299
"1434","DJF9_31","brown",0.0298425025919146
"1435","DJF9_31","tan",0.0823062693495811
"1436","DJF9_31","yellow",0.0743389535957219
"1437","DJF9_31","purple",0.260159847053739
"1438","DJF9_31","salmon",0.0876164861541461
"1439","DJF9_31","greenyellow",0.132639193729854
"1440","DJF9_31","magenta",-0.0738573653680172
"1441","DJF9_31","pink",0.0396514188161516
"1442","DJF9_31","grey",0.126882759737992
"1443","DJF9_32","blue",0.0257302040677211
"1444","DJF9_32","green",0.00295047245315814
"1445","DJF9_32","red",-0.0303902205270167
"1446","DJF9_32","turquoise",-0.000742279642077912
"1447","DJF9_32","black",0.0882987163104592
"1448","DJF9_32","brown",0.0318676760648058
"1449","DJF9_32","tan",0.0334959903778132
"1450","DJF9_32","yellow",-0.032174659585251
"1451","DJF9_32","purple",-0.035412399953289
"1452","DJF9_32","salmon",-0.0344295822512399
"1453","DJF9_32","greenyellow",-0.0890567939553369
"1454","DJF9_32","magenta",0.0280204585793518
"1455","DJF9_32","pink",-0.0195869551045169
"1456","DJF9_32","grey",-0.031711588539152
"1457","HBN_41","blue",0.0370930120419925
"1458","HBN_41","green",-0.0294176100247063
"1459","HBN_41","red",0.0275034218073126
"1460","HBN_41","turquoise",0.0336732797284397
"1461","HBN_41","black",-0.0861837314648836
"1462","HBN_41","brown",-0.0240372580160923
"1463","HBN_41","tan",-0.0692699080437675
"1464","HBN_41","yellow",-0.0134021656338984
"1465","HBN_41","purple",-0.031391235287862
"1466","HBN_41","salmon",0.0401304192197606
"1467","HBN_41","greenyellow",0.075181767213006
"1468","HBN_41","magenta",0.0191176023933605
"1469","HBN_41","pink",-0.00837698621688517
"1470","HBN_41","grey",0.0121735316878813
"1471","HBN_42","blue",0.0177706247006306
"1472","HBN_42","green",-0.00797740004433454
"1473","HBN_42","red",-0.00122932202023095
"1474","HBN_42","turquoise",0.0396997314476049
"1475","HBN_42","black",-0.104113303142098
"1476","HBN_42","brown",0.0277746620910351
"1477","HBN_42","tan",0.0683364753917469
"1478","HBN_42","yellow",0.00630121734090034
"1479","HBN_42","purple",0.0237172572599618
"1480","HBN_42","salmon",0.0462078033705568
"1481","HBN_42","greenyellow",0.0531295034897605
"1482","HBN_42","magenta",-0.0463365324178418
"1483","HBN_42","pink",-0.00655789888159648
"1484","HBN_42","grey",0.0678914888798647
"1485","HBN_43","blue",-0.0678043594951509
"1486","HBN_43","green",-0.0301046213538321
"1487","HBN_43","red",-0.0439098402432732
"1488","HBN_43","turquoise",-0.105234183230167
"1489","HBN_43","black",-0.0741614933436418
"1490","HBN_43","brown",0.0339295102147386
"1491","HBN_43","tan",-0.00274500301969144
"1492","HBN_43","yellow",0.062588344099235
"1493","HBN_43","purple",0.0667145941333792
"1494","HBN_43","salmon",0.101761605314107
"1495","HBN_43","greenyellow",0.124516182746467
"1496","HBN_43","magenta",0.0372648636373221
"1497","HBN_43","pink",0.0265448396043412
"1498","HBN_43","grey",0.0489681871774788
"1499","HBN_44","blue",-0.0983907990101686
"1500","HBN_44","green",-0.0305590077668893
"1501","HBN_44","red",0.00555791355379744
"1502","HBN_44","turquoise",-0.0823087984343115
"1503","HBN_44","black",-0.106070597066871
"1504","HBN_44","brown",0.011853925609606
"1505","HBN_44","tan",0.00610614331798759
"1506","HBN_44","yellow",0.154572649384118
"1507","HBN_44","purple",0.0717401430648578
"1508","HBN_44","salmon",0.149657296328208
"1509","HBN_44","greenyellow",0.0296290849331914
"1510","HBN_44","magenta",-0.012472481811429
"1511","HBN_44","pink",0.0610165363243701
"1512","HBN_44","grey",0.156981079784683
"1513","HCA_77","blue",-0.0186586544412789
"1514","HCA_77","green",-0.115356528842902
"1515","HCA_77","red",-0.113070888638559
"1516","HCA_77","turquoise",-0.11923273552844
"1517","HCA_77","black",0.0703865850661199
"1518","HCA_77","brown",0.0941767239104613
"1519","HCA_77","tan",0.0813744922964618
"1520","HCA_77","yellow",-0.0327382433154802
"1521","HCA_77","purple",-0.164329066902275
"1522","HCA_77","salmon",0.0501068035498136
"1523","HCA_77","greenyellow",-0.072406420688429
"1524","HCA_77","magenta",0.0812499201981575
"1525","HCA_77","pink",-0.0205495054104623
"1526","HCA_77","grey",-0.0941461018228744
"1527","HCA_78","blue",0.0229634115110883
"1528","HCA_78","green",-0.0231017034153794
"1529","HCA_78","red",-0.0330093109092351
"1530","HCA_78","turquoise",0.0146950864497425
"1531","HCA_78","black",0.0176996444477673
"1532","HCA_78","brown",0.0415990558699148
"1533","HCA_78","tan",0.0486081994254325
"1534","HCA_78","yellow",-0.0273727536473695
"1535","HCA_78","purple",-0.112615449652937
"1536","HCA_78","salmon",-0.00975740802673275
"1537","HCA_78","greenyellow",0.00846588886305934
"1538","HCA_78","magenta",0.018561396872248
"1539","HCA_78","pink",-0.0215125441736258
"1540","HCA_78","grey",-0.0342290493703353
"1541","HCA_79","blue",-0.0344327640985583
"1542","HCA_79","green",-0.0639315931259242
"1543","HCA_79","red",-0.0743773015881694
"1544","HCA_79","turquoise",-0.109421015088391
"1545","HCA_79","black",0.0377421107617989
"1546","HCA_79","brown",0.0575767188833673
"1547","HCA_79","tan",0.00745897262163532
"1548","HCA_79","yellow",-0.00441698322608249
"1549","HCA_79","purple",-0.0496526601923758
"1550","HCA_79","salmon",0.0426799157743067
"1551","HCA_79","greenyellow",0.206181821667762
"1552","HCA_79","magenta",0.0619494941416528
"1553","HCA_79","pink",0.0109160895150257
"1554","HCA_79","grey",-0.0349796944228484
"1555","HCA_80","blue",-0.051392338258976
"1556","HCA_80","green",-0.0509073097752897
"1557","HCA_80","red",-0.0542671866130949
"1558","HCA_80","turquoise",-0.0865860726084183
"1559","HCA_80","black",0.155987857287973
"1560","HCA_80","brown",0.0387911787738396
"1561","HCA_80","tan",0.0556931963753364
"1562","HCA_80","yellow",0.024080937006125
"1563","HCA_80","purple",-0.0663845810239175
"1564","HCA_80","salmon",-0.0551929737952078
"1565","HCA_80","greenyellow",-0.00795626058158165
"1566","HCA_80","magenta",0.0347763853784783
"1567","HCA_80","pink",0.0282381477326933
"1568","HCA_80","grey",-0.0130067819844223
"1569","HCE_49","blue",-0.00901377376466913
"1570","HCE_49","green",-0.0179130098578555
"1571","HCE_49","red",0.00938930290795465
"1572","HCE_49","turquoise",0.00212707717056007
"1573","HCE_49","black",-0.0544849686689657
"1574","HCE_49","brown",0.0217357564627179
"1575","HCE_49","tan",0.0590273437099001
"1576","HCE_49","yellow",0.0355163387430926
"1577","HCE_49","purple",0.0170493174519583
"1578","HCE_49","salmon",0.0408584096455577
"1579","HCE_49","greenyellow",0.00516176223141234
"1580","HCE_49","magenta",-0.0139342760005059
"1581","HCE_49","pink",0.0186495955126605
"1582","HCE_49","grey",0.0509820912616001
"1583","HCE_50","blue",0.0711524438257086
"1584","HCE_50","green",0.0719440891129699
"1585","HCE_50","red",0.0611459854110065
"1586","HCE_50","turquoise",0.111275560860639
"1587","HCE_50","black",-0.0797608845029336
"1588","HCE_50","brown",-0.0115174784200051
"1589","HCE_50","tan",-0.0220742928908122
"1590","HCE_50","yellow",-0.0164461868820133
"1591","HCE_50","purple",0.0115997109740796
"1592","HCE_50","salmon",-0.000641691956758868
"1593","HCE_50","greenyellow",0.0430236345026338
"1594","HCE_50","magenta",-0.0278526656715564
"1595","HCE_50","pink",0.000909430130937771
"1596","HCE_50","grey",0.0470134947031461
"1597","HCE_51","blue",-0.0123714850950493
"1598","HCE_51","green",0.0308909650221239
"1599","HCE_51","red",-0.0179065995550849
"1600","HCE_51","turquoise",-0.01540400123725
"1601","HCE_51","black",-0.074503706988093
"1602","HCE_51","brown",0.045560551132215
"1603","HCE_51","tan",0.047477734513743
"1604","HCE_51","yellow",0.0316826714103674
"1605","HCE_51","purple",0.0500085777673772
"1606","HCE_51","salmon",0.0628473148117642
"1607","HCE_51","greenyellow",0.0700847825259857
"1608","HCE_51","magenta",-0.00856277361940851
"1609","HCE_51","pink",0.023493681384979
"1610","HCE_51","grey",0.056641887596468
"1611","HCE_52","blue",0.0106697675145142
"1612","HCE_52","green",-0.0463027993829718
"1613","HCE_52","red",-0.0391441965165084
"1614","HCE_52","turquoise",-0.0252837260782485
"1615","HCE_52","black",-0.0480021632730701
"1616","HCE_52","brown",0.0603168338608254
"1617","HCE_52","tan",0.0677712862062287
"1618","HCE_52","yellow",0.00537008753118305
"1619","HCE_52","purple",0.0289297125151311
"1620","HCE_52","salmon",0.0922218373197343
"1621","HCE_52","greenyellow",-0.0439452545710415
"1622","HCE_52","magenta",0.00682714500900647
"1623","HCE_52","pink",-0.00728097301552781
"1624","HCE_52","grey",0.0104477386247432
"1625","HCL_45","blue",-0.0648754719870443
"1626","HCL_45","green",-0.108021626060378
"1627","HCL_45","red",-0.0784413800007429
"1628","HCL_45","turquoise",-0.123521426158609
"1629","HCL_45","black",0.0723313548330692
"1630","HCL_45","brown",0.0502436353036655
"1631","HCL_45","tan",0.057982117559984
"1632","HCL_45","yellow",0.034763441661092
"1633","HCL_45","purple",-0.0274376676952511
"1634","HCL_45","salmon",0.0613788076419586
"1635","HCL_45","greenyellow",-0.0230968978034502
"1636","HCL_45","magenta",0.0369199005768765
"1637","HCL_45","pink",0.023543779267488
"1638","HCL_45","grey",0.0235141254117973
"1639","HCL_46","blue",-0.0613955707268328
"1640","HCL_46","green",0.109424297058575
"1641","HCL_46","red",0.0124952985354238
"1642","HCL_46","turquoise",-0.024136590635656
"1643","HCL_46","black",-0.00929079980440102
"1644","HCL_46","brown",-0.0040794096341397
"1645","HCL_46","tan",-0.00560883878123574
"1646","HCL_46","yellow",0.0604923292348142
"1647","HCL_46","purple",-0.0176652931048531
"1648","HCL_46","salmon",0.0229851181952817
"1649","HCL_46","greenyellow",0.0411453804424809
"1650","HCL_46","magenta",-0.00437892824708146
"1651","HCL_46","pink",0.0413945497355326
"1652","HCL_46","grey",0.0985836014148575
"1653","HCL_47","blue",-0.0962334984491566
"1654","HCL_47","green",0.116248362264669
"1655","HCL_47","red",-8.41329084469862e-05
"1656","HCL_47","turquoise",-0.0842179591385772
"1657","HCL_47","black",-0.0646575782606469
"1658","HCL_47","brown",0.0115737489075873
"1659","HCL_47","tan",-0.0035553350997121
"1660","HCL_47","yellow",0.104558422796808
"1661","HCL_47","purple",0.195451596742876
"1662","HCL_47","salmon",0.121718522177709
"1663","HCL_47","greenyellow",0.206261402781986
"1664","HCL_47","magenta",0.00184458068940889
"1665","HCL_47","pink",0.0774484866117033
"1666","HCL_47","grey",0.0913643497899834
"1667","HCL_48","blue",-0.111481003057002
"1668","HCL_48","green",-0.0349430766026078
"1669","HCL_48","red",0.0581610973234456
"1670","HCL_48","turquoise",-0.0686432880027287
"1671","HCL_48","black",0.020477536541473
"1672","HCL_48","brown",-0.106137706648124
"1673","HCL_48","tan",-0.214998306451274
"1674","HCL_48","yellow",0.158320211862734
"1675","HCL_48","purple",0.0567653540050896
"1676","HCL_48","salmon",0.080699885475977
"1677","HCL_48","greenyellow",0.0310912283722275
"1678","HCL_48","magenta",0.0189266460235615
"1679","HCL_48","pink",0.0927615314667642
"1680","HCL_48","grey",0.166873425042882
"1681","O5G_89","blue",-0.0552349867992487
"1682","O5G_89","green",-0.0173245565675293
"1683","O5G_89","red",0.0519839700112635
"1684","O5G_89","turquoise",-0.00345172898938868
"1685","O5G_89","black",-0.0373008253180568
"1686","O5G_89","brown",-0.0473693056298051
"1687","O5G_89","tan",-0.00497117490424165
"1688","O5G_89","yellow",0.0744835577883851
"1689","O5G_89","purple",0.0542542814334835
"1690","O5G_89","salmon",0.0119296526363878
"1691","O5G_89","greenyellow",-0.0261585737585997
"1692","O5G_89","magenta",-0.0131554973824662
"1693","O5G_89","pink",0.0471935767602151
"1694","O5G_89","grey",0.0411559034283974
"1695","O5G_90","blue",-0.0570856965009605
"1696","O5G_90","green",0.0449956587278656
"1697","O5G_90","red",0.240619713115679
"1698","O5G_90","turquoise",0.16815395036772
"1699","O5G_90","black",-0.12487124483203
"1700","O5G_90","brown",-0.216140210447476
"1701","O5G_90","tan",-0.0794379374766199
"1702","O5G_90","yellow",0.128171299391309
"1703","O5G_90","purple",-0.0344970807398009
"1704","O5G_90","salmon",-0.124591565307072
"1705","O5G_90","greenyellow",-0.00886955254839961
"1706","O5G_90","magenta",-0.113147147456486
"1707","O5G_90","pink",0.0810923005157341
"1708","O5G_90","grey",0.0254236394965819
"1709","O5G_91","blue",-0.131397384570501
"1710","O5G_91","green",0.0373430881112679
"1711","O5G_91","red",0.140485022781698
"1712","O5G_91","turquoise",0.0431169335439853
"1713","O5G_91","black",-0.11898199149222
"1714","O5G_91","brown",-0.121541727816355
"1715","O5G_91","tan",0.0240922543111621
"1716","O5G_91","yellow",0.205716494642979
"1717","O5G_91","purple",0.112067080464361
"1718","O5G_91","salmon",0.0100335640154199
"1719","O5G_91","greenyellow",-0.0262460814075913
"1720","O5G_91","magenta",-0.073033980218524
"1721","O5G_91","pink",0.108746943298878
"1722","O5G_91","grey",0.0745072004084949
"1723","O5G_92","blue",-0.0673444794448071
"1724","O5G_92","green",-0.00250888138382156
"1725","O5G_92","red",0.132273182764932
"1726","O5G_92","turquoise",0.0733347457678288
"1727","O5G_92","black",-0.113659113029044
"1728","O5G_92","brown",-0.0955030848387871
"1729","O5G_92","tan",0.028701697252828
"1730","O5G_92","yellow",0.127377626864126
"1731","O5G_92","purple",0.0225228474651847
"1732","O5G_92","salmon",0.00243838267133458
"1733","O5G_92","greenyellow",-0.0470723601527201
"1734","O5G_92","magenta",-0.0797753494372303
"1735","O5G_92","pink",0.059867430883408
"1736","O5G_92","grey",0.0490117464362353
"1737","O96_73","blue",0.0653947056157367
"1738","O96_73","green",-0.00522410644852589
"1739","O96_73","red",-0.0151424453502624
"1740","O96_73","turquoise",0.0519378756349924
"1741","O96_73","black",-0.0680480409203086
"1742","O96_73","brown",0.0208554277988746
"1743","O96_73","tan",0.00910210364184788
"1744","O96_73","yellow",-0.0537318889396993
"1745","O96_73","purple",-0.0506414075754189
"1746","O96_73","salmon",0.0424575868882975
"1747","O96_73","greenyellow",0.146598820336584
"1748","O96_73","magenta",8.86725949430758e-05
"1749","O96_73","pink",-0.0290241014370659
"1750","O96_73","grey",-0.000256499100003047
"1751","O96_74","blue",-0.044191178351047
"1752","O96_74","green",0.00528622264344617
"1753","O96_74","red",0.13756579064055
"1754","O96_74","turquoise",0.0496792971854766
"1755","O96_74","black",-0.138001117079365
"1756","O96_74","brown",-0.194756240642719
"1757","O96_74","tan",-0.472904456808195
"1758","O96_74","yellow",0.0657033414573953
"1759","O96_74","purple",0.0186351839688199
"1760","O96_74","salmon",0.0279540427926068
"1761","O96_74","greenyellow",0.307356222633227
"1762","O96_74","magenta",-0.00364372927755289
"1763","O96_74","pink",0.065096426229326
"1764","O96_74","grey",0.173667744164275
"1765","O96_75","blue",0.00789086058240284
"1766","O96_75","green",-0.0183392819717442
"1767","O96_75","red",-0.00777609043775735
"1768","O96_75","turquoise",0.0203755881782431
"1769","O96_75","black",-0.0779105276805392
"1770","O96_75","brown",0.0271486131802266
"1771","O96_75","tan",0.0269385773730597
"1772","O96_75","yellow",0.025109576877637
"1773","O96_75","purple",0.0102383121329625
"1774","O96_75","salmon",0.0605643470482398
"1775","O96_75","greenyellow",0.180816265411967
"1776","O96_75","magenta",0.00535620836778955
"1777","O96_75","pink",0.0163541079210756
"1778","O96_75","grey",0.0414787003581569
"1779","O96_76","blue",-0.00788564104887158
"1780","O96_76","green",-0.0579618153453615
"1781","O96_76","red",-0.0549569045950702
"1782","O96_76","turquoise",-0.0263292063414441
"1783","O96_76","black",-0.0767900101137141
"1784","O96_76","brown",0.0847969474225608
"1785","O96_76","tan",0.147935734883277
"1786","O96_76","yellow",0.0291334928027146
"1787","O96_76","purple",9.16972067655167e-05
"1788","O96_76","salmon",0.102130380466348
"1789","O96_76","greenyellow",0.0255321495262265
"1790","O96_76","magenta",0.000761350128147724
"1791","O96_76","pink",0.00232780689060204
"1792","O96_76","grey",0.0540968402736904
"1793","OHJ_37","blue",-0.0618141567899129
"1794","OHJ_37","green",-0.0533731206810557
"1795","OHJ_37","red",0.0812312468241593
"1796","OHJ_37","turquoise",-0.0103069618477301
"1797","OHJ_37","black",-0.0661794538807848
"1798","OHJ_37","brown",-0.114048376737242
"1799","OHJ_37","tan",-0.261427136183028
"1800","OHJ_37","yellow",0.103569098082939
"1801","OHJ_37","purple",-0.0486163234187419
"1802","OHJ_37","salmon",0.110760403351405
"1803","OHJ_37","greenyellow",-0.0146314301879059
"1804","OHJ_37","magenta",0.00636075198122334
"1805","OHJ_37","pink",0.0495309800142956
"1806","OHJ_37","grey",0.171209860212115
"1807","OHJ_38","blue",-0.0321606549286443
"1808","OHJ_38","green",-0.028350958999257
"1809","OHJ_38","red",-0.0173326390210627
"1810","OHJ_38","turquoise",-0.0287018834535841
"1811","OHJ_38","black",-0.089910009654169
"1812","OHJ_38","brown",0.0331063126727949
"1813","OHJ_38","tan",0.0471697489673664
"1814","OHJ_38","yellow",0.0496313009061047
"1815","OHJ_38","purple",0.0180450673048151
"1816","OHJ_38","salmon",0.106744917871984
"1817","OHJ_38","greenyellow",-0.0852997376759462
"1818","OHJ_38","magenta",-0.00386215787506382
"1819","OHJ_38","pink",0.0151766701387301
"1820","OHJ_38","grey",0.0857460034082237
"1821","OHJ_39","blue",-0.0552092201189337
"1822","OHJ_39","green",-0.0425985840426043
"1823","OHJ_39","red",-0.0707983888300239
"1824","OHJ_39","turquoise",-0.109109890080015
"1825","OHJ_39","black",-0.0905785268179036
"1826","OHJ_39","brown",0.0576504774734574
"1827","OHJ_39","tan",0.0403838142872847
"1828","OHJ_39","yellow",0.0301551493496241
"1829","OHJ_39","purple",0.06765465190917
"1830","OHJ_39","salmon",0.128229502419249
"1831","OHJ_39","greenyellow",-0.0390599729035365
"1832","OHJ_39","magenta",0.0392889364145774
"1833","OHJ_39","pink",0.00939120701987466
"1834","OHJ_39","grey",0.00917011565463694
"1835","OHJ_40","blue",-0.0621252610698515
"1836","OHJ_40","green",-0.074307513006996
"1837","OHJ_40","red",-0.0841608365370856
"1838","OHJ_40","turquoise",-0.106927762133411
"1839","OHJ_40","black",-0.0881099514404411
"1840","OHJ_40","brown",0.0827352933735555
"1841","OHJ_40","tan",0.0815870015091192
"1842","OHJ_40","yellow",0.0424516291699328
"1843","OHJ_40","purple",0.00381864312981811
"1844","OHJ_40","salmon",0.146866924897231
"1845","OHJ_40","greenyellow",-0.0970372868683324
"1846","OHJ_40","magenta",0.0382892188939312
"1847","OHJ_40","pink",0.00959395096192739
"1848","OHJ_40","grey",-0.0206488061526547
"1849","OMI_69","blue",0.057743465480167
"1850","OMI_69","green",-0.086206469086822
"1851","OMI_69","red",-0.0658440973307455
"1852","OMI_69","turquoise",-0.0341851862862277
"1853","OMI_69","black",0.0467525061041028
"1854","OMI_69","brown",0.035169031515364
"1855","OMI_69","tan",0.00160046479445479
"1856","OMI_69","yellow",-0.108789110903746
"1857","OMI_69","purple",-0.0772073623948698
"1858","OMI_69","salmon",-0.0152061847065054
"1859","OMI_69","greenyellow",-0.0114903992760006
"1860","OMI_69","magenta",0.034410486432078
"1861","OMI_69","pink",-0.0657418473300855
"1862","OMI_69","grey",-0.113276770251286
"1863","OMI_70","blue",0.117924795981016
"1864","OMI_70","green",0.0287808960876417
"1865","OMI_70","red",0.0750815790154373
"1866","OMI_70","turquoise",0.156715088221715
"1867","OMI_70","black",-0.00319917481288383
"1868","OMI_70","brown",-0.0162869585987235
"1869","OMI_70","tan",0.00402355184509488
"1870","OMI_70","yellow",-0.0715520666382414
"1871","OMI_70","purple",-0.119468131775018
"1872","OMI_70","salmon",-0.113440257648504
"1873","OMI_70","greenyellow",0.133985206923739
"1874","OMI_70","magenta",-0.0371288253023462
"1875","OMI_70","pink",-0.0242552011961828
"1876","OMI_70","grey",0.0398547484580557
"1877","OMI_71","blue",0.00462833641091926
"1878","OMI_71","green",-0.0428736501299811
"1879","OMI_71","red",-0.0417946631224854
"1880","OMI_71","turquoise",-0.0239499372644749
"1881","OMI_71","black",0.00225823739165642
"1882","OMI_71","brown",0.0633286373091789
"1883","OMI_71","tan",0.0511291130639577
"1884","OMI_71","yellow",-0.00360464762463922
"1885","OMI_71","purple",-0.0224884750492621
"1886","OMI_71","salmon",0.0396967647360797
"1887","OMI_71","greenyellow",0.0397493860049037
"1888","OMI_71","magenta",0.0138199441539473
"1889","OMI_71","pink",-0.000217219390209665
"1890","OMI_71","grey",-0.00159346913304601
"1891","OMI_72","blue",0.016476151425523
"1892","OMI_72","green",-0.0868077111883618
"1893","OMI_72","red",-0.0829614111892153
"1894","OMI_72","turquoise",-0.0480173871496887
"1895","OMI_72","black",0.0346623815084212
"1896","OMI_72","brown",0.08264472356581
"1897","OMI_72","tan",0.0958662537249808
"1898","OMI_72","yellow",-0.0352188013138196
"1899","OMI_72","purple",-0.0586442968033757
"1900","OMI_72","salmon",0.0412620036432697
"1901","OMI_72","greenyellow",-0.0408079214318774
"1902","OMI_72","magenta",0.0430135997932244
"1903","OMI_72","pink",-0.0141691972441672
"1904","OMI_72","grey",-0.0576795159739115
"1905","ONF_61","blue",0.0655291339196994
"1906","ONF_61","green",-0.0395812622327833
"1907","ONF_61","red",-0.035352951769129
"1908","ONF_61","turquoise",0.0232129593465431
"1909","ONF_61","black",0.0528122010174879
"1910","ONF_61","brown",0.0281430755868856
"1911","ONF_61","tan",0.00965670963551645
"1912","ONF_61","yellow",-0.0948767099595123
"1913","ONF_61","purple",-0.11898517116539
"1914","ONF_61","salmon",-0.00224815221192404
"1915","ONF_61","greenyellow",0.0214552871507198
"1916","ONF_61","magenta",0.0375912280095184
"1917","ONF_61","pink",-0.0467341101799867
"1918","ONF_61","grey",-0.0810819864655524
"1919","ONF_62","blue",0.0420134290946244
"1920","ONF_62","green",-0.00807689046594261
"1921","ONF_62","red",-0.00424101962007689
"1922","ONF_62","turquoise",0.0463695154406823
"1923","ONF_62","black",-0.00905850930929046
"1924","ONF_62","brown",0.0224306536366056
"1925","ONF_62","tan",0.0235181975481969
"1926","ONF_62","yellow",-0.0401986082285901
"1927","ONF_62","purple",-0.0422061844888763
"1928","ONF_62","salmon",0.0138868522036522
"1929","ONF_62","greenyellow",-0.00234599756932765
"1930","ONF_62","magenta",0.0130912568720257
"1931","ONF_62","pink",-0.01776210864936
"1932","ONF_62","grey",-0.027364311552765
"1933","ONF_63","blue",-0.0181489666488591
"1934","ONF_63","green",-0.0320560056630674
"1935","ONF_63","red",-0.026354341814479
"1936","ONF_63","turquoise",-0.021894164246953
"1937","ONF_63","black",-0.0214452887352544
"1938","ONF_63","brown",0.0370369575925803
"1939","ONF_63","tan",0.0510232373360421
"1940","ONF_63","yellow",0.0152729989451616
"1941","ONF_63","purple",0.00982554379419297
"1942","ONF_63","salmon",0.0648396896131011
"1943","ONF_63","greenyellow",0.0738679307317753
"1944","ONF_63","magenta",0.0126089832439645
"1945","ONF_63","pink",0.00756643879114119
"1946","ONF_63","grey",0.0198311039518805
"1947","ONF_64","blue",-0.0282864713737957
"1948","ONF_64","green",-0.0637906472558989
"1949","ONF_64","red",-0.0992392659289326
"1950","ONF_64","turquoise",-0.0854154473179442
"1951","ONF_64","black",-0.0158619668031
"1952","ONF_64","brown",0.108118480575096
"1953","ONF_64","tan",0.113990545418864
"1954","ONF_64","yellow",0.0138280075868845
"1955","ONF_64","purple",0.0406855668108682
"1956","ONF_64","salmon",0.115843557990661
"1957","ONF_64","greenyellow",-0.0793871859925614
"1958","ONF_64","magenta",0.0546793373233355
"1959","ONF_64","pink",0.00169515987616088
"1960","ONF_64","grey",-0.0742626251076419
"1961","OTM_33","blue",0.0319775399786415
"1962","OTM_33","green",0.010805974213558
"1963","OTM_33","red",-0.0123162028836373
"1964","OTM_33","turquoise",0.0219089586761218
"1965","OTM_33","black",-0.0378695214167593
"1966","OTM_33","brown",0.0135644137006458
"1967","OTM_33","tan",0.00105525941831867
"1968","OTM_33","yellow",-0.0294832022980406
"1969","OTM_33","purple",-0.0729911554576757
"1970","OTM_33","salmon",0.0228312826486308
"1971","OTM_33","greenyellow",-0.0405979660073057
"1972","OTM_33","magenta",0.0177006008985785
"1973","OTM_33","pink",-0.0162623233593703
"1974","OTM_33","grey",-0.0344146936924675
"1975","OTM_34","blue",0.0212253258974576
"1976","OTM_34","green",0.0462143334245098
"1977","OTM_34","red",-0.00977827057541762
"1978","OTM_34","turquoise",0.0347218311516643
"1979","OTM_34","black",-0.0642424727724834
"1980","OTM_34","brown",0.0336970694461909
"1981","OTM_34","tan",0.0403811294804827
"1982","OTM_34","yellow",-0.000838917266103023
"1983","OTM_34","purple",-0.00291121174087922
"1984","OTM_34","salmon",0.024312055249333
"1985","OTM_34","greenyellow",-0.00252079834058121
"1986","OTM_34","magenta",-0.00311370869829703
"1987","OTM_34","pink",-8.47582873963484e-05
"1988","OTM_34","grey",0.00247688939799758
"1989","OTM_35","blue",-0.0159200374902137
"1990","OTM_35","green",0.0432128526918534
"1991","OTM_35","red",-0.0375571035983607
"1992","OTM_35","turquoise",-0.0286905924599682
"1993","OTM_35","black",-0.0353709621720595
"1994","OTM_35","brown",0.0441792676886182
"1995","OTM_35","tan",0.0484170089884014
"1996","OTM_35","yellow",0.0155067922002624
"1997","OTM_35","purple",-0.0184943925446303
"1998","OTM_35","salmon",0.0360624117853486
"1999","OTM_35","greenyellow",0.0472095695083825
"2000","OTM_35","magenta",0.0105979290708901
"2001","OTM_35","pink",0.00944418512672941
"2002","OTM_35","grey",0.0100242979415019
"2003","OTM_36","blue",-0.00379294134065592
"2004","OTM_36","green",0.0234725218113348
"2005","OTM_36","red",-0.0421609539179434
"2006","OTM_36","turquoise",-0.0240458959927367
"2007","OTM_36","black",-0.0542049881240551
"2008","OTM_36","brown",0.0535139777696718
"2009","OTM_36","tan",0.0566183106650676
"2010","OTM_36","yellow",0.00363075846617592
"2011","OTM_36","purple",0.00907406937999364
"2012","OTM_36","salmon",0.0466813541349568
"2013","OTM_36","greenyellow",-0.0247035633748518
"2014","OTM_36","magenta",0.00604604283949579
"2015","OTM_36","pink",-0.00239044931129709
"2016","OTM_36","grey",-0.00119142129565293
