"","MEblue","MEgreen","MEred","MEturquoise","MEblack","MEbrown","MEtan","MEyellow","MEpurple","MEsalmon","MEgreenyellow","MEmagenta","MEpink","MEgrey","treatment"
"0NR_65",-0.0441358575393381,-0.0592269977197478,-0.0929275178816703,-0.0998284153583438,0.0145903727105181,0.066416024220298,0.0775744977121334,0.0071401603898266,0.0604768445553971,0.0965798355916904,-0.0113799189061522,0.0218737535228414,-0.00309162467846152,-0.00886284414516476,"0NR_65"
"0NR_66",-0.0607083283993957,0.253435937642656,0.0309847172237705,0.011041790776006,-0.0525354310431536,-0.0087765413941443,0.0135747059367335,0.0681852691139395,0.0690826469466945,0.0102662762465293,0.0161541841071425,-0.0410255532774908,0.060395832686621,0.106500468306791,"0NR_66"
"0NR_67",-0.112201035948108,0.118267050750017,-0.0481866919044847,-0.130488727207751,-0.108641625526902,0.0354725982886424,0.0262909819892434,0.106829377104009,0.311062091976437,0.165003366848577,0.16163251309936,-0.00240977633837719,0.0710948853631255,0.0704769009118399,"0NR_67"
"0NR_68",-0.0597465628648839,0.0233112308768533,-0.0864185511019752,-0.0954578614410704,0.0158475315500325,0.0781154199593528,0.127290014656547,0.0516535525145425,0.12692727137856,0.102720791254982,-0.0855103733043039,0.0121332974561516,0.021945028863405,0.0166987310265276,"0NR_68"
"0TL_113",0.0336074314402552,-0.0448591419084421,-0.0765738784535747,-0.0430854598640092,0.0120413239117678,0.0531718081668073,0.0048468918321249,-0.0673117733960233,-0.0443943709726184,0.0281832879832048,-0.00369692367073243,0.0488988838736883,-0.0346653128515345,-0.0807961508634485,"0TL_113"
"0TL_114",0.0841356245483494,0.133276820729466,0.0195802662965804,0.090984055323182,-0.0232616253477805,-0.00695835938936547,-0.0528287577620397,-0.0736828391708169,-0.0452411021743486,-0.0425083115250579,0.0784955523053256,0.00495610406015919,-0.0304774605436173,-0.0395476890717595,"0TL_114"
"0TL_115",-0.0113653204350437,-0.0114416768975991,-0.1032219587477,-0.0926288602933594,-0.00798304777774753,0.077425049834261,0.0466733118496887,-0.0295311098704394,0.027415430591605,0.0804449144438778,0.0371342742158984,0.0463062567161956,-0.0109651386591323,-0.0442266387481821,"0TL_115"
"0TL_116",-0.103150447692881,-0.137677824230014,-0.331643244898988,-0.137149536619397,-0.0382716350269847,0.181451869246126,0.0623167692359276,0.0206565269642664,-0.025833377847583,0.084565600249173,-0.20904405317273,-0.878352905425241,-0.850187091541739,-0.44115892889765,"0TL_116"
"CZRJR_57",0.0580220590773332,-0.0315266595304313,0.0429214794614015,0.051845696969814,-0.0129308740119215,-0.0451978976400689,-0.105101913912678,-0.0460256428742786,-0.00544894099642744,-0.0288397122443907,0.0548519867215207,0.0158792429047608,-0.0068891771571004,0.0278650117671862,"CZRJR_57"
"CZRJR_58",0.0685882259908003,0.0489902913670928,0.0542867543493295,0.0945079173922118,-0.0558677148630821,-0.0304611410896864,-0.0666057820175087,-0.0375545243677163,-0.0363864892381897,-0.0350861929890836,-0.0318502414184827,-0.013098951619218,-0.00780576707599857,0.0240307083095882,"CZRJR_58"
"CZRJR_59",-0.0173307983979659,-0.0523012741418448,-0.0523048647411002,-0.0786374627122049,-0.00429879725894804,0.0300809574556234,-0.0171735732258529,-0.00408003978864249,0.04569201796318,0.0390290057953747,0.111839069988529,0.0388580363949661,0.00787112299293159,0.0315607424904958,"CZRJR_59"
"CZRJR_60",0.0618681794777314,-0.00179784911316836,0.0495764445213505,0.0957212543419549,-0.0706446008532889,-0.0122645835580775,-0.0112765427006818,-0.0176580786179872,-0.0191738290515747,-0.0326379069708873,0.0101509510225798,-0.0274798937103105,-0.00733516649884501,0.0356808881285532,"CZRJR_60"
"DF2A_13",0.0925259950532106,-0.0475282090066612,0.0150939429800991,0.0840313492346153,0.123892954536909,-0.018768373785801,-0.0464055110426491,-0.08337433273467,-0.10708933004884,-0.104293871255684,0.0723686579964469,0.00575071981512197,-0.0401562704371484,-0.00405340557283633,"DF2A_13"
"DF2A_14",-0.00354457203257271,0.208406967237585,-0.00676726672586463,-0.00793879761041687,0.0458876379581482,0.0190424467918849,0.0042569727517359,-0.0170292527472709,-0.0427512139265783,-0.0327399920592539,-0.0152094250232862,-0.012233885941483,0.00359827756704733,0.0383683035196767,"DF2A_14"
"DF2A_15",-0.0264951103972643,0.204744224824976,0.0421686073557269,0.0107699417321217,-0.097645171406793,-0.0199695005801762,-0.0397681312815169,0.0410074817029017,0.241977428099998,0.0558634317224554,0.00403666239497331,-0.0257130882250357,0.0480422446927508,0.0392201883138983,"DF2A_15"
"DF2A_16",0.140494563549273,0.123593461548365,0.0812148406715877,0.156242026548461,0.024694633170352,-0.0465578697383686,-0.109858726388601,-0.11379319864124,-0.0237161819281472,-0.108111060442494,-0.0907610710224873,-0.0119622745378855,-0.0441963801452965,-0.0850069322261343,"DF2A_16"
"DF7X_53",0.0982060502528089,0.0121451857504212,0.0704608147626511,0.120895360938106,-0.0594271413626228,-0.0291743552158664,-0.0435972731347566,-0.0632761242322468,-0.131867779004115,-0.0076994372493928,-0.045822067404905,-0.0133017070152605,-0.0437309702831907,-0.00735323240224406,"DF7X_53"
"DF7X_54",0.0871831675285418,0.0424915503844479,0.102866190416729,0.165609645738593,-0.0976861352212147,-0.046018880121744,-0.0357964123990625,-0.0105752235389282,-0.110902070069273,-0.0274722253244061,-0.0436498266633542,-0.0682971157491923,-0.00987317870379337,0.0497674059329241,"DF7X_54"
"DF7X_55",0.020531796247744,-0.00431110883432562,0.00935448704585882,0.0445142067255714,-0.0714498281431784,0.010884581030039,0.0240066664895104,0.00378996017224388,-0.0535743901360367,0.0455392478067273,0.0509666352708938,-0.0247681676354647,-0.00751952269484058,0.0258919397731641,"DF7X_55"
"DF7X_56",-0.0310766278303984,-0.0704018673918231,-0.0504751050925851,-0.0475340673498921,-0.0543705135982928,0.0819952485585077,0.128893673837321,0.0508153679313366,-0.0711800840467777,0.128282009206329,-0.0555047255451214,0.0149254134028453,0.00375275466673794,-0.00504308518349835,"DF7X_56"
"DF8J_109",0.0422272593223048,-0.0299225153175002,-0.0390424370654193,0.00633334355454992,-0.0124002218385745,0.046710643740242,-0.000376261153487655,-0.0396254241293056,-0.0114064758462453,0.0375238350994681,0.0579212055875604,0.0327107613890261,-0.0281464893295126,-0.0093184227080868,"DF8J_109"
"DF8J_110",0.0773321530928479,0.166224549508196,0.0560872819658999,0.0972803542619727,-0.0225553861498101,-0.0337256399171133,-0.0750949486420665,-0.0544975171291384,-0.0612250773431143,-0.0497146373303372,0.193607914982641,-0.00248623739153141,-0.00666077931697793,0.0229716695712664,"DF8J_110"
"DF8J_111",-0.0101706337536483,0.0243382568594298,-0.035811620898057,-0.0325247978892768,-0.0716264747315592,0.041146074720842,0.0210993020442709,0.0170059647183134,0.110224670050671,0.0751024576048213,0.023330579175187,0.0150385991813633,0.0158599563323198,0.0452423444065498,"DF8J_111"
"DF8J_112",0.0377135873292442,-0.0553470683481603,-0.0247601345269515,0.00289181042497881,-0.0028612564443906,0.0268420021191544,0.0314125209410623,-0.0510824836665627,-0.0182720816295302,0.0203477081326162,-0.0289960006657026,0.0238928161464703,-0.0336259047004294,-0.0288063341421948,"DF8J_112"
"DF9F_141",0.0352303599514151,0.0135569120358635,-0.0237014330620967,-0.00206396623448974,0.0534208233839741,0.0121985316464397,-0.0253797789846863,-0.0635461841905261,0.0314238775931707,-0.0362235248220298,-0.00305002878739389,0.0305144070054311,-0.0174909826511143,-0.0150513765272657,"DF9F_141"
"DF9F_142",-0.0144907531703,0.00324728180142498,-0.0371352227762467,-0.0473245511559372,0.0798090587970989,0.0185068164585863,0.0168745676244507,-0.0165407459452367,0.0285905632089037,-0.0443839527198647,0.0154909411368201,0.0317502622511329,0.0131556638188655,0.0373108711264655,"DF9F_142"
"DF9F_143",-0.017463709857219,-0.0414879511145581,-0.0830726986737008,-0.0977112015533399,0.104873494446294,0.0636971122806267,0.0516460587086514,-0.0378019999852167,0.0169931922435198,-0.00666412689568808,-0.0295571581049202,0.0551992137144335,-0.00613718592993697,-0.00593012615014738,"DF9F_143"
"DF9F_144",0.0115981071951201,-0.0248067961767845,-0.0741445630518309,-0.0551358857802566,0.0580666657011986,0.0631031486617863,0.0219442187903675,-0.0469413134735067,0.0362276644626161,0.0183660186658947,-0.0674595227452636,0.056468906210316,-0.0129389696352161,-0.0473813526236195,"DF9F_144"
"DF9I_117",0.0619325388554468,-0.0472800242399681,0.0172516044813867,0.0552443919270202,0.139994348118042,-0.027725933349165,-0.0706673232099616,-0.0869809565362276,-0.0821314473487871,-0.12453470996652,-0.0979232287838862,0.0287070413515253,-0.0289938613368482,-0.0318459532228705,"DF9I_117"
"DF9I_118",-0.0350354127530497,-0.0789899806044309,-0.0638544404341288,-0.0846408178059709,0.121680243747053,0.0455917220565093,0.0439269346473689,-0.00406932827512167,0.0318898188344469,0.00596237771347232,-0.0740875978112256,0.0491456707287887,0.010787856398016,-0.00490540593788587,"DF9I_118"
"DF9I_119",-0.0148152607214512,-0.0342648497429254,-0.0626267568837399,-0.066632439810174,0.120509224811916,0.0445792463601526,0.0351396870031414,-0.0199120699277839,0.0213362787820471,-0.0126045765905908,-0.0119333258638172,0.0385621967864087,-0.00602196102407719,0.00824632494089554,"DF9I_119"
"DF9I_120",0.0175887778217049,-0.0653969607642421,-0.0553620287172916,-0.0229089388918653,0.0927895617042351,0.0464649860199341,0.0322492609604577,-0.03847901046649,0.0991184085804949,0.000225198789965797,-0.109006275317918,0.0303122743529776,-0.0127013716085239,-0.014167913328146,"DF9I_120"
"DFB3_100",0.00273951951204799,-0.0298543860852652,-0.0741770648895996,-0.0548903539083324,-0.0561885435149515,0.0823631749934635,0.0545895911702428,-0.0182044963134525,0.107658994796562,0.100344386327162,-0.0940543170261749,0.0205851553126056,-0.017784621316941,0.0107049982727287,"DFB3_100"
"DFB3_97",0.0917066769051286,0.00724350770362554,-0.000510247662123142,0.0657749121673974,-0.00364558267754788,0.00428048425298164,-0.0473055855925296,-0.0951043119980961,-0.0164322029940337,0.000243751198436899,-0.0787247242933336,0.0230516255923858,-0.0451745276669748,-0.0303699422468474,"DFB3_97"
"DFB3_98",0.0589708843525214,-0.00539039672140566,-0.0339259758028519,0.0349910669040638,-0.0170042018061542,0.0318588393690468,0.0128312672719106,-0.0698699457595988,-0.0104087052519697,0.00597445505944002,-0.0825623609889269,0.0198985796837347,-0.0316119964054627,-0.0109236769392988,"DFB3_98"
"DFB3_99",0.00333125104647331,-0.0133572273230743,-0.0341069534906495,-0.0274551563579978,-0.0513522907879952,0.0167365104535603,-0.0832614425190195,-0.0147331577796294,0.0730337180319284,0.0739081958353703,0.0832219292917232,0.0259521574791076,-0.00337066111038165,0.0324932318847843,"DFB3_99"
"DFG1_133",-0.0049295955875722,-0.082045661722196,-0.0493300322101439,-0.077856616620411,0.1437212460904,0.0121817071142551,0.0017647524967895,-0.0435657495768543,-0.042379517516343,-0.0462544443916149,-0.124920733474007,0.0566419947348971,-0.00805146780145625,-0.00353281286126066,"DFG1_133"
"DFG1_134",-0.03518703097378,0.154153501428118,-0.00281198114962113,-0.0419866076492109,0.0664930788240903,-0.00634161793706289,-0.0175755178451365,0.000541840099349496,-0.0120116444528181,-0.0692805169364142,-0.102083786201328,0.0199831390329938,0.0304242579093953,0.0561328218361881,"DFG1_134"
"DFG1_135",-0.0537432835256621,0.134866960569131,-0.0390944985888601,-0.0777764379876529,-0.0341559362755994,0.0273740549365129,-0.00925065129652936,0.0240132426047738,0.233692013036631,0.0607749269754465,0.0889096612164175,0.0149749651769009,0.0389030585189569,0.032027829081421,"DFG1_135"
"DFG1_136",-0.0329915834620749,-0.0366595336297473,-0.0841752511478785,-0.089227892836713,0.0643673036465426,0.0734443901297312,0.115646325760854,-0.000467285308387948,0.153605309545357,0.0379549991295754,-0.139921198697028,0.0237018809191687,0.00154170703063949,0.0149176255943125,"DFG1_136"
"DFI0_21",0.0744227348878837,-0.0264977553224548,0.0379219887977496,0.0927854420618736,0.225184483913802,-0.0385135622197822,-0.00890745904752033,-0.0804968590709258,-0.153491750498103,-0.276509794387425,-0.0511443675457736,0.0115525539065886,-0.0251483751836952,0.0213750520995243,"DFI0_21"
"DFI0_22",0.0825507336116579,0.012439697502296,0.0453268828992506,0.0885631554151914,0.201040145067338,-0.0522464284259162,-0.0640468151213671,-0.0884761930224889,-0.18374833845649,-0.27700680320396,-0.110264751410947,0.0189087701417419,-0.0252725051724377,-0.00933897904092388,"DFI0_22"
"DFI0_23",-0.0161342388123969,-0.0265284580489124,-0.0385296040228313,-0.0507152401579841,0.180935320870899,0.0351053186131238,0.0510473756348375,-0.0157036189860266,-0.0638086042624676,-0.124090839477352,-0.0985442499949816,0.0343969315844052,0.00741594644672787,0.0325387990541782,"DFI0_23"
"DFI0_24",0.0169051012320569,-0.0643623276762614,-0.0456526150703123,-0.0302466418625745,0.216320957492287,0.036254113002827,0.0423178264067378,-0.0504039965528322,-0.123687354890008,-0.136115702731116,-0.0810774429064605,0.0534387451866407,-0.0152843537471302,-0.0337122918561382,"DFI0_24"
"DFJ3_121",0.0647605223491836,-0.0577590241987404,-0.00538526329680173,0.0327999461223473,0.0659104500212342,-0.00571020336591461,-0.0279402999619659,-0.0887666439450977,-0.059943893113398,-0.0331641089418061,-0.037018495259695,0.0337797368241623,-0.0411979378289927,-0.0508164113779056,"DFJ3_121"
"DFJ3_122",-0.0161245082825217,-0.0956719580684882,-0.0761680354070635,-0.0811489034772782,0.0657443822774006,0.0628035304973689,0.0885518620422431,-0.0290625033849287,-0.0517435960884089,0.030844291339149,-0.0598727252818319,0.0400805951650517,-0.0070396008927741,-0.0160366464857696,"DFJ3_122"
"DFJ3_123",-0.0494713790524769,-0.0539209792868735,-0.0691383374155757,-0.0966035986664416,0.018147178361803,0.048319464568935,0.0443351439008112,0.0161544833787413,0.0320421400025762,0.0724078712313565,0.0417769236210227,0.0364948501920582,0.00923105427794028,-0.0146883093436748,"DFJ3_123"
"DFJ3_124",-0.0686682907829484,-0.106919961741045,-0.102604282715343,-0.144596127183276,0.0318056269916629,0.0691817863250471,0.0730500075886975,0.00737684197669862,0.00871067737575268,0.083480613070843,-0.0715214923742897,0.0509659016897956,0.00138400604936073,-0.0458917019313572,"DFJ3_124"
"DFL6_129",0.133422394930602,-0.00693829816020794,0.0701158795728021,0.131324429586457,-0.041235501860081,-0.0353022602618003,-0.0703748505158015,-0.0866800366084985,0.0682339745702924,-0.0483009269718038,-0.109194260876765,-0.0105205017247963,-0.0341367743792889,-0.0207272292581623,"DFL6_129"
"DFL6_130",0.0781208241003991,0.0212937049357121,0.00822826527056481,0.0731519991883438,-0.0326114779997163,0.00471734288400118,-0.00710714501484893,-0.0772434664616789,-0.0258694837862607,-0.0224645807633973,-0.11964928358959,0.00391365760792119,-0.029768681309362,-0.0350828434601774,"DFL6_130"
"DFL6_131",-0.00500970348575167,-0.0310379084809402,-0.0435316858181036,-0.0417942274697227,-0.0331798154406681,0.0489583876012363,0.0437002459534086,-0.0141155964943981,0.0873971110605583,0.059323751927854,0.0171467832151009,0.015936685704402,-0.00346745110222303,0.0208030184798265,"DFL6_131"
"DFL6_132",0.0621120877211252,-0.0338441685013538,0.00136997028833743,0.0527801690608478,-0.0424498596344834,0.0143138332614514,-0.00714193664394919,-0.0571803754416962,0.0539732344155494,0.0105906549318107,-0.130355912581179,0.00103394846672771,-0.0235363520706574,-0.0208343028691176,"DFL6_132"
"DFTA_85",-0.261482892493178,0.00698777053175378,0.248465152826474,0.0015142846674211,-0.025210725984299,-0.31804182477523,-0.0251853865995938,0.270402629233777,-0.0792070690740744,-0.128040818972481,-0.066047945061764,-0.0836719380165779,0.163740009883369,-0.145972169407668,"DFTA_85"
"DFTA_86",0.0109398409325428,0.294632912056876,0.17565655147668,0.150209750583977,-0.0541656056526146,-0.116214657691444,-0.0904425608127329,0.0618446480913514,-0.017837940560367,-0.0954093256814304,-0.0503272832573876,-0.0731040197581764,0.0648606761980472,0.0490006494531845,"DFTA_86"
"DFTA_87",-0.197727049674755,0.201205169243772,0.207523338378358,0.0220829443412871,-0.2047888071895,-0.221647297450355,-0.0953954631186844,0.271360754625514,0.2148358917949,0.0588515100767636,-0.030261972615067,-0.0922465431100508,0.158145305207327,0.0433478150082006,"DFTA_87"
"DFTA_88",0.0991400254416732,0.121142676021026,0.0685392292063375,0.133213701205488,-0.0100094386119827,-0.0290335048965167,-0.0119259144858018,-0.0461936102262541,0.0539084538855608,-0.0662870505046145,-0.0636857716543567,-0.028616315389144,-0.0173807142093739,-0.040299397211491,"DFTA_88"
"DFVJ_1",0.174784262602429,0.012522132953451,0.098830139959363,0.200619259794579,0.0919316089232003,-0.0679702143147758,-0.0967665846660249,-0.130337464108474,-0.0595620346601162,-0.216457204066211,0.106928076562307,-0.0212753032793973,-0.0572622618342584,0.00245065707056476,"DFVJ_1"
"DFVJ_2",0.0374896796121503,0.0787000447793967,0.0674048845015474,0.103453621463724,0.0690089093086932,-0.0597591230492883,-0.0359900190387613,-0.00872236974324312,-0.0050053089796765,-0.13282645168717,0.101887936978325,-0.0522654682356358,-0.00305409671490165,0.1421375264037,"DFVJ_2"
"DFVJ_3",-0.0100466890577774,0.0288209146619449,-0.029557923465311,-0.0170506472031562,0.0459712800206664,0.0179286027427049,0.0348322866741365,0.0086685250639859,0.1199996708188,-0.0289676142128202,0.0517317794666358,-0.00734387375256284,0.0118409354460759,0.0776091170017099,"DFVJ_3"
"DFVJ_4",0.0263021594881655,0.0116479616213622,-0.0192823449250068,0.0108324772809362,0.079637376561245,0.0183219734474762,0.00988725772267976,-0.0331654644972322,0.0433015237419197,-0.0515388319650878,-0.00783374062577872,0.0117045899960455,-0.0147407597832283,0.00886812090250472,"DFVJ_4"
"DFWG_101",0.219239510352006,0.0591426178828538,0.116720363767134,0.214329253472129,0.0250952794287529,-0.0752786893337075,-0.161854930492861,-0.164578612442049,-0.065861762647859,-0.144270426760296,-0.0407782009316692,0.00702160781354331,-0.0627193892587302,-0.0699502796445493,"DFWG_101"
"DFWG_102",0.0785203582169103,0.126135191155028,0.00231100056055453,0.0621401247002357,0.00379019039936975,-0.0159501879749382,-0.0773373598402219,-0.10623348174082,0.0631671890459501,-0.0406886798766131,-0.0860151174610614,0.0236701136739541,-0.0276919989256112,-0.0676670640374805,"DFWG_102"
"DFWG_103",0.0483229994391093,0.0710005908130082,-0.0146304042327579,0.0409352392845998,-0.0196246409952622,0.0152152895217706,-0.0322936672891085,-0.0423600904718721,0.0969722455647063,0.0258777329682169,-0.000180851104099992,0.0100088583215886,-0.00661193329859064,0.00220782279723738,"DFWG_103"
"DFWG_104",-0.00821589972742328,-0.0533562526007822,-0.109230261100126,-0.0917592434226775,0.0352741345997928,0.0912484406888127,0.0783462866137662,-0.0270472850361916,0.0481181759457216,0.0826381678397161,-0.046296877981042,0.0589999332814278,-0.0104709024818383,-0.0612003213772673,"DFWG_104"
"DFX6_5",-0.048589134013948,-0.0172931378073252,0.110746369286982,0.0466242712839673,-0.00457031021158067,-0.107081370485826,-0.0295611193318982,0.0802962001236568,0.00358804353444149,-0.0562940812815619,0.0086356790249828,-0.0344944247178384,0.0520218501944213,0.0701221695408517,"DFX6_5"
"DFX6_6",0.152395221345468,0.211237042428723,0.0986241880959122,0.183423890877273,-0.0085197577571308,-0.0318208300865809,-0.0713162204570846,-0.108048024124759,-0.0804930722629186,-0.118181587185909,-0.0522682083153682,-0.0214976897579178,-0.0332859545049947,-0.0281827597327129,"DFX6_6"
"DFX6_7",0.00669052137048111,-0.0192854261588311,-0.0580200548366659,-0.0382650004895789,-0.0109551719535221,0.0777389560196382,0.090281235397972,-0.0178444325000855,0.0250143867393214,0.0464683015213076,-0.0669134301961076,0.00678201356089227,-0.0156739156889812,0.040345961434369,"DFX6_7"
"DFX6_8",-0.0350492825390589,-0.0758930129407056,-0.0855127526472024,-0.0937006772294513,-0.00122926257912495,0.0904960389525727,0.0960649144585131,-0.0020043425822661,-0.0228190867551242,0.0692716517426223,-0.0160440884248904,0.0336103745233797,-0.00599889729310014,-0.0185676193439569,"DFX6_8"
"DFXH_25",0.0662091961541288,-0.0585314965733482,-0.0341313633067079,0.018275193820224,0.184189271572846,0.00289797954921648,-0.0265132390270998,-0.0902036522644021,-0.100566920565295,-0.143507022430416,-0.0304698246414802,0.0507079301567972,-0.0289377330012225,-0.0350373566506813,"DFXH_25"
"DFXH_26",-0.114971688881485,-0.0717886079502626,0.0194026952873224,-0.132886600519342,0.124735577927274,-0.103717577682698,-0.254881368437378,0.105749601613211,-0.0332054404690313,-0.00528116133092337,0.0230603510646894,0.0311657451523632,0.0761549953121479,0.171902908727282,"DFXH_26"
"DFXH_27",-0.0637554615395305,-0.0633349019824484,-0.102431934467145,-0.129330233171358,0.0737605169497417,0.0803344821629161,0.0991353655460968,0.040384199039696,0.107487892523282,0.0539682284930406,-0.0400387656900263,0.0195492163399349,0.0199572990929724,0.046183742208746,"DFXH_27"
"DFXH_28",-0.046946473693297,-0.104586284583003,-0.110619254226403,-0.14274556952184,0.124119363997615,0.0670040721228706,0.0522809129959683,-0.00805378861636576,0.00362518158411675,0.0141128116007002,-0.0692528977891176,0.0556778688810691,0.0012550910285986,-0.00829159727132278,"DFXH_28"
"DFXL_17",0.0548617648439126,-0.0407199701204438,-0.016569172728029,0.0453691370036545,0.160217224723533,0.00747186733666845,0.0207527949078018,-0.0672037837279674,-0.0948830972889103,-0.129801708151891,-0.00457815395524848,0.0208944392374825,-0.0240485412617736,-0.00455834236959923,"DFXL_17"
"DFXL_18",-0.0267763560817314,-0.0645123491838867,-0.0297430909208617,-0.0366529533867402,0.157564434294457,0.0278076351335004,0.0684792721168996,0.012706406287714,-0.0516921176347062,-0.0735140866444552,-0.0443650942288133,0.0262696720872288,0.0107669055420109,0.0284835638875101,"DFXL_18"
"DFXL_19",-0.00377834682819965,-0.0166368176856364,-0.0287544219070145,-0.0305575445531925,0.111627962225774,0.0358944413450814,0.056249926224878,-0.0153681385256125,0.00627337963730105,-0.0537740988839544,-0.0106587913187558,0.0206966914436427,0.000558446945550085,0.0238207426701204,"DFXL_19"
"DFXL_20",0.00111870791809991,-0.0571362837170764,-0.052650066487429,-0.047132212095701,0.175610592248391,0.0550023255632646,0.0775182427270014,-0.0204406637397035,-0.0764013740527641,-0.0721212206134011,-0.039562275503278,0.0459371679500829,-0.00468224351529906,0.00103584934213215,"DFXL_20"
"DFZ4_93",-0.0237578258384235,-0.0509787628868057,-0.0176700025605062,-0.0456220088096255,0.0605791279329124,0.00218537987225808,0.0122565180801101,0.0170192989656275,0.0165115673909567,-0.00457798866838001,-0.0762120513308927,0.0304151995514691,0.0125108495614146,-0.0335125477851326,"DFZ4_93"
"DFZ4_94",-0.355613482637712,-0.104277459277696,0.253864117449197,-0.0576692175415287,-0.0765655071091484,-0.371311145416599,0.150006213932916,0.367042687514514,-0.0538471361873015,-0.175626374904122,-0.00731515915224179,-0.128498530509952,0.200143167298354,-0.488686253214562,"DFZ4_94"
"DFZ4_95",-0.355433672919328,-0.101951975994489,0.283247457458797,-0.0242028597070857,-0.0653474147145355,-0.391400550255109,0.039730516262428,0.341364020351198,-0.078877037628655,-0.227158150228026,0.0151401654409904,-0.143569412690933,0.184027703180944,-0.333942299035023,"DFZ4_95"
"DFZ4_96",-0.0341539821419571,-0.0919137074735016,-0.115841925205356,-0.12742395828095,0.069749396109222,0.0978178871503308,0.0845759371695292,-0.0276179213374707,0.00761720671748339,0.0432229456663596,-0.0428432124025221,0.0484703104412798,-0.0129535193720241,-0.0594060547199207,"DFZ4_96"
"DG02_125",0.0631438592032136,-0.0110579079356065,0.0406984855551072,0.0767711993492056,-0.0436945760448901,-0.0200142079951066,-0.00372933672782465,-0.0495030904618938,-0.0820236381088895,-0.0608686563435744,-0.0500030853043583,0.00648150680842622,-0.0118220861562749,-0.0340125245049992,"DG02_125"
"DG02_126",0.0535139995029391,-0.0235834165326112,-0.00838884312739792,0.0484716717488984,-0.0324663573006465,0.0283429603971132,0.0550945991219982,-0.050870873262676,-0.0327628736756097,-0.0144109226591598,0.00520225495565151,0.00796629374696759,-0.0147958082135408,0.0174560128375286,"DG02_126"
"DG02_127",0.0457486597548452,-0.0221279822942168,-0.023968675759994,0.0230554077246197,-0.060987779560242,0.0286342488625872,0.0056924516861869,-0.052305853154239,0.0207491050452833,0.0232265408503708,-0.0298412042523507,0.0256042357706835,-0.014231363182642,-0.0310975893510762,"DG02_127"
"DG02_128",0.0873247893659279,-0.031955505016717,0.00443498660159521,0.0683352983249744,-0.0437175001598071,0.00826043157080237,0.00389244282092118,-0.0720241574927799,-0.0278163391758642,-0.0151987362927792,-0.0858425238518583,0.0155760150827712,-0.0305455403870106,-0.0463664581996965,"DG02_128"
"DG05_10",0.107453796962633,-0.049362665929442,0.00320934423820051,0.087215447270075,0.0236019841781396,0.0157890485482494,-0.0250853337062372,-0.0977609648704307,-0.0859636285415994,-0.039995719379526,0.0892089343683642,0.0115235365324261,-0.034766560468613,-0.0360688797965175,"DG05_10"
"DG05_11",0.119375060522445,0.0511993833276647,0.0594438098426567,0.154032641891851,-0.0811694087014358,0.0214748899548188,0.0476357330243871,-0.0575281630875459,0.0304018628398813,-0.0168846733347919,-0.0167848279675886,-0.0654169226601088,-0.0325931313162694,0.0454194850089179,"DG05_11"
"DG05_12",0.0415656570253514,-0.053545383241186,-0.045469208116358,0.000849054253511769,-0.0445383319807103,0.0639194926051137,0.0559813011908952,-0.0436465496272084,0.0416813790289336,0.0554476628058813,-0.0128865851030369,-0.00202912878633596,-0.0250457416165262,0.0274444851235021,"DG05_12"
"DG05_9",0.116655310714771,-0.0542393816366004,0.0143842666253537,0.0936746109791051,0.0180406332343171,-0.0117576722314269,-0.0615998608027688,-0.0948883750468285,-0.0527177176555556,-0.0337038594391339,0.114415820709135,0.0110815761008722,-0.0390502002925307,-0.0100495943128353,"DG05_9"
"DG49_137",0.0301661976032163,-0.0337294582304067,-0.0334876772843537,-0.0294304769273034,-0.0433309098551343,0.0334050054836813,-0.0276756291780128,-0.0480607865384452,0.0528428420950513,0.0297554610015075,0.0210385524312586,0.0529282310110225,-0.00938172820603489,-0.0455162894500719,"DG49_137"
"DG49_138",0.162252945041209,0.0962810010090629,0.148579042319218,0.196018832526944,-0.103572805473274,-0.0736606835050966,-0.104276516705908,-0.0906161510347867,-0.069937139452294,-0.0903160914052933,0.223530368454971,-0.0333209958680969,-0.0233081662985461,-0.0225510316942471,"DG49_138"
"DG49_139",0.0397712380263708,-0.0267390043271795,-0.0113193953806055,0.00446978372942153,-0.0739675867169552,0.0320851525285119,-0.0149883212439197,-0.0345949545015978,0.0410797503671297,0.042504867475179,0.0677226606758703,0.0237154743379923,-0.0111249050730282,-0.026257624764814,"DG49_139"
"DG49_140",0.0668205941945761,-0.0089718411419537,-0.0100822985965245,0.0353093014109926,-0.0540209447423662,0.0197721144867215,-0.0336597280853572,-0.0555152763180996,0.0216152508047515,0.0173414048505216,0.0130415203585181,0.0264307503784419,-0.0194517994392647,-0.047914428094588,"DG49_140"
"DG75_105",-0.0646690763527214,-0.0811735334739434,0.0167147999133272,-0.0805919698670425,0.0262637824062128,-0.0772174357676255,-0.268868036561364,0.0423580352214633,-0.0421334099482799,0.0728449504484176,0.0697572303489032,0.0531650418580679,0.02843981443093,0.113749840301308,"DG75_105"
"DG75_106",-0.00884724018253633,0.233205048438485,0.0322919768377026,0.0196860104492269,-0.00510917096620364,-0.00597711603816564,-0.00327358429063089,-0.00581081383753152,-0.0936235747010377,-0.0497634336863806,-0.00564205380505549,-0.00639722193890023,0.028867811544599,0.0405122614610868,"DG75_106"
"DG75_107",-0.0850068100682893,0.0845617682236209,-0.0479216246546389,-0.127751714181751,-0.0709426916025355,0.0405166638348189,-0.00623218390030259,0.0510205901121168,0.176284507731031,0.127170539071884,0.215154010700047,0.0413487882107167,0.0532430511239223,0.0109666164149092,"DG75_107"
"DG75_108",-0.0312213857328147,-0.0283502657391084,-0.0872084628069734,-0.0957750888820775,0.0415541367287603,0.0638027986360601,0.0520638892410895,-0.0175111763640805,0.0333119109804849,0.0588672100394095,-0.108146896547463,0.0432931896179979,-0.0149944782093325,-0.0229773285517604,"DG75_108"
"DG82_81",0.0144830196736718,-0.072617650169474,0.175349795093719,0.113898929163859,-0.0869829209096858,-0.187913234519251,-0.173534142840846,0.00269204181410874,-0.0757894967885146,-0.0413544844570604,-0.00189332450169191,-0.0385538389312295,-0.00861415375919908,-0.0615954987103248,"DG82_81"
"DG82_82",-0.0167994877142843,0.0116196340886017,0.173494708580371,0.142571269198413,-0.127735505553507,-0.19085334333794,-0.160953217099931,0.0481558113319787,-0.124740521008933,-0.0544661293076861,-0.0393677268358477,-0.113700193474299,-0.00907405001138477,-0.0371570470341501,"DG82_82"
"DG82_83",-0.12939036990983,-0.0502133100615159,-0.00637532805990532,-0.0924976231907837,-0.128437566260539,-0.00337587303453174,0.073126359272896,0.119932823079905,0.0824478841098813,0.123022188726202,0.172254211989095,-0.0146371935051231,0.0425423440730716,0.0533335441540814,"DG82_83"
"DG82_84",-0.203418347814281,-0.11549875352403,0.101261327204144,-0.0914374647956878,-0.111889801218054,-0.11999319358155,0.016374973377306,0.225529637414934,-0.0316174910401225,0.0630963401207478,0.104295813506238,-0.0196358956983238,0.0970516621503097,-0.031004970451869,"DG82_84"
"DJF9_29",0.0585197815336421,-0.0441291482921093,-0.000860195682275968,0.0430378221325272,0.164670151053312,-0.00671719165553006,0.00102346358717149,-0.0626343306741387,-0.122547620474207,-0.146857512055481,0.0337282441476468,0.0225164623329063,-0.0186029003409297,-0.00306654554892118,"DJF9_29"
"DJF9_30",-0.00847835343441991,0.229344436439616,0.0259014917068918,0.0116990149647564,0.0946006584884688,-0.0172814136229127,-0.0247885108688412,0.00295829007598761,-0.0685780067758246,-0.0835838030177243,-0.0284522446405321,-0.00337111892876669,0.0247006837342523,0.0629668052717676,"DJF9_30"
"DJF9_31",-0.0520548223770639,0.219783072499861,0.00509342702607566,-0.0189704155868543,-0.0461166593598299,0.0298425025919146,0.0823062693495811,0.0743389535957219,0.260159847053739,0.0876164861541461,0.132639193729854,-0.0738573653680172,0.0396514188161516,0.126882759737992,"DJF9_31"
"DJF9_32",0.0257302040677211,0.00295047245315814,-0.0303902205270167,-0.000742279642077912,0.0882987163104592,0.0318676760648058,0.0334959903778132,-0.032174659585251,-0.035412399953289,-0.0344295822512399,-0.0890567939553369,0.0280204585793518,-0.0195869551045169,-0.031711588539152,"DJF9_32"
"HBN_41",0.0370930120419925,-0.0294176100247063,0.0275034218073126,0.0336732797284397,-0.0861837314648836,-0.0240372580160923,-0.0692699080437675,-0.0134021656338984,-0.031391235287862,0.0401304192197606,0.075181767213006,0.0191176023933605,-0.00837698621688517,0.0121735316878813,"HBN_41"
"HBN_42",0.0177706247006306,-0.00797740004433454,-0.00122932202023095,0.0396997314476049,-0.104113303142098,0.0277746620910351,0.0683364753917469,0.00630121734090034,0.0237172572599618,0.0462078033705568,0.0531295034897605,-0.0463365324178418,-0.00655789888159648,0.0678914888798647,"HBN_42"
"HBN_43",-0.0678043594951509,-0.0301046213538321,-0.0439098402432732,-0.105234183230167,-0.0741614933436418,0.0339295102147386,-0.00274500301969144,0.062588344099235,0.0667145941333792,0.101761605314107,0.124516182746467,0.0372648636373221,0.0265448396043412,0.0489681871774788,"HBN_43"
"HBN_44",-0.0983907990101686,-0.0305590077668893,0.00555791355379744,-0.0823087984343115,-0.106070597066871,0.011853925609606,0.00610614331798759,0.154572649384118,0.0717401430648578,0.149657296328208,0.0296290849331914,-0.012472481811429,0.0610165363243701,0.156981079784683,"HBN_44"
"HCA_77",-0.0186586544412789,-0.115356528842902,-0.113070888638559,-0.11923273552844,0.0703865850661199,0.0941767239104613,0.0813744922964618,-0.0327382433154802,-0.164329066902275,0.0501068035498136,-0.072406420688429,0.0812499201981575,-0.0205495054104623,-0.0941461018228744,"HCA_77"
"HCA_78",0.0229634115110883,-0.0231017034153794,-0.0330093109092351,0.0146950864497425,0.0176996444477673,0.0415990558699148,0.0486081994254325,-0.0273727536473695,-0.112615449652937,-0.00975740802673275,0.00846588886305934,0.018561396872248,-0.0215125441736258,-0.0342290493703353,"HCA_78"
"HCA_79",-0.0344327640985583,-0.0639315931259242,-0.0743773015881694,-0.109421015088391,0.0377421107617989,0.0575767188833673,0.00745897262163532,-0.00441698322608249,-0.0496526601923758,0.0426799157743067,0.206181821667762,0.0619494941416528,0.0109160895150257,-0.0349796944228484,"HCA_79"
"HCA_80",-0.051392338258976,-0.0509073097752897,-0.0542671866130949,-0.0865860726084183,0.155987857287973,0.0387911787738396,0.0556931963753364,0.024080937006125,-0.0663845810239175,-0.0551929737952078,-0.00795626058158165,0.0347763853784783,0.0282381477326933,-0.0130067819844223,"HCA_80"
"HCE_49",-0.00901377376466913,-0.0179130098578555,0.00938930290795465,0.00212707717056007,-0.0544849686689657,0.0217357564627179,0.0590273437099001,0.0355163387430926,0.0170493174519583,0.0408584096455577,0.00516176223141234,-0.0139342760005059,0.0186495955126605,0.0509820912616001,"HCE_49"
"HCE_50",0.0711524438257086,0.0719440891129699,0.0611459854110065,0.111275560860639,-0.0797608845029336,-0.0115174784200051,-0.0220742928908122,-0.0164461868820133,0.0115997109740796,-0.000641691956758868,0.0430236345026338,-0.0278526656715564,0.000909430130937771,0.0470134947031461,"HCE_50"
"HCE_51",-0.0123714850950493,0.0308909650221239,-0.0179065995550849,-0.01540400123725,-0.074503706988093,0.045560551132215,0.047477734513743,0.0316826714103674,0.0500085777673772,0.0628473148117642,0.0700847825259857,-0.00856277361940851,0.023493681384979,0.056641887596468,"HCE_51"
"HCE_52",0.0106697675145142,-0.0463027993829718,-0.0391441965165084,-0.0252837260782485,-0.0480021632730701,0.0603168338608254,0.0677712862062287,0.00537008753118305,0.0289297125151311,0.0922218373197343,-0.0439452545710415,0.00682714500900647,-0.00728097301552781,0.0104477386247432,"HCE_52"
"HCL_45",-0.0648754719870443,-0.108021626060378,-0.0784413800007429,-0.123521426158609,0.0723313548330692,0.0502436353036655,0.057982117559984,0.034763441661092,-0.0274376676952511,0.0613788076419586,-0.0230968978034502,0.0369199005768765,0.023543779267488,0.0235141254117973,"HCL_45"
"HCL_46",-0.0613955707268328,0.109424297058575,0.0124952985354238,-0.024136590635656,-0.00929079980440102,-0.0040794096341397,-0.00560883878123574,0.0604923292348142,-0.0176652931048531,0.0229851181952817,0.0411453804424809,-0.00437892824708146,0.0413945497355326,0.0985836014148575,"HCL_46"
"HCL_47",-0.0962334984491566,0.116248362264669,-8.41329084469862e-05,-0.0842179591385772,-0.0646575782606469,0.0115737489075873,-0.0035553350997121,0.104558422796808,0.195451596742876,0.121718522177709,0.206261402781986,0.00184458068940889,0.0774484866117033,0.0913643497899834,"HCL_47"
"HCL_48",-0.111481003057002,-0.0349430766026078,0.0581610973234456,-0.0686432880027287,0.020477536541473,-0.106137706648124,-0.214998306451274,0.158320211862734,0.0567653540050896,0.080699885475977,0.0310912283722275,0.0189266460235615,0.0927615314667642,0.166873425042882,"HCL_48"
"O5G_89",-0.0552349867992487,-0.0173245565675293,0.0519839700112635,-0.00345172898938868,-0.0373008253180568,-0.0473693056298051,-0.00497117490424165,0.0744835577883851,0.0542542814334835,0.0119296526363878,-0.0261585737585997,-0.0131554973824662,0.0471935767602151,0.0411559034283974,"O5G_89"
"O5G_90",-0.0570856965009605,0.0449956587278656,0.240619713115679,0.16815395036772,-0.12487124483203,-0.216140210447476,-0.0794379374766199,0.128171299391309,-0.0344970807398009,-0.124591565307072,-0.00886955254839961,-0.113147147456486,0.0810923005157341,0.0254236394965819,"O5G_90"
"O5G_91",-0.131397384570501,0.0373430881112679,0.140485022781698,0.0431169335439853,-0.11898199149222,-0.121541727816355,0.0240922543111621,0.205716494642979,0.112067080464361,0.0100335640154199,-0.0262460814075913,-0.073033980218524,0.108746943298878,0.0745072004084949,"O5G_91"
"O5G_92",-0.0673444794448071,-0.00250888138382156,0.132273182764932,0.0733347457678288,-0.113659113029044,-0.0955030848387871,0.028701697252828,0.127377626864126,0.0225228474651847,0.00243838267133458,-0.0470723601527201,-0.0797753494372303,0.059867430883408,0.0490117464362353,"O5G_92"
"O96_73",0.0653947056157367,-0.00522410644852589,-0.0151424453502624,0.0519378756349924,-0.0680480409203086,0.0208554277988746,0.00910210364184788,-0.0537318889396993,-0.0506414075754189,0.0424575868882975,0.146598820336584,8.86725949430758e-05,-0.0290241014370659,-0.000256499100003047,"O96_73"
"O96_74",-0.044191178351047,0.00528622264344617,0.13756579064055,0.0496792971854766,-0.138001117079365,-0.194756240642719,-0.472904456808195,0.0657033414573953,0.0186351839688199,0.0279540427926068,0.307356222633227,-0.00364372927755289,0.065096426229326,0.173667744164275,"O96_74"
"O96_75",0.00789086058240284,-0.0183392819717442,-0.00777609043775735,0.0203755881782431,-0.0779105276805392,0.0271486131802266,0.0269385773730597,0.025109576877637,0.0102383121329625,0.0605643470482398,0.180816265411967,0.00535620836778955,0.0163541079210756,0.0414787003581569,"O96_75"
"O96_76",-0.00788564104887158,-0.0579618153453615,-0.0549569045950702,-0.0263292063414441,-0.0767900101137141,0.0847969474225608,0.147935734883277,0.0291334928027146,9.16972067655167e-05,0.102130380466348,0.0255321495262265,0.000761350128147724,0.00232780689060204,0.0540968402736904,"O96_76"
"OHJ_37",-0.0618141567899129,-0.0533731206810557,0.0812312468241593,-0.0103069618477301,-0.0661794538807848,-0.114048376737242,-0.261427136183028,0.103569098082939,-0.0486163234187419,0.110760403351405,-0.0146314301879059,0.00636075198122334,0.0495309800142956,0.171209860212115,"OHJ_37"
"OHJ_38",-0.0321606549286443,-0.028350958999257,-0.0173326390210627,-0.0287018834535841,-0.089910009654169,0.0331063126727949,0.0471697489673664,0.0496313009061047,0.0180450673048151,0.106744917871984,-0.0852997376759462,-0.00386215787506382,0.0151766701387301,0.0857460034082237,"OHJ_38"
"OHJ_39",-0.0552092201189337,-0.0425985840426043,-0.0707983888300239,-0.109109890080015,-0.0905785268179036,0.0576504774734574,0.0403838142872847,0.0301551493496241,0.06765465190917,0.128229502419249,-0.0390599729035365,0.0392889364145774,0.00939120701987466,0.00917011565463694,"OHJ_39"
"OHJ_40",-0.0621252610698515,-0.074307513006996,-0.0841608365370856,-0.106927762133411,-0.0881099514404411,0.0827352933735555,0.0815870015091192,0.0424516291699328,0.00381864312981811,0.146866924897231,-0.0970372868683324,0.0382892188939312,0.00959395096192739,-0.0206488061526547,"OHJ_40"
"OMI_69",0.057743465480167,-0.086206469086822,-0.0658440973307455,-0.0341851862862277,0.0467525061041028,0.035169031515364,0.00160046479445479,-0.108789110903746,-0.0772073623948698,-0.0152061847065054,-0.0114903992760006,0.034410486432078,-0.0657418473300855,-0.113276770251286,"OMI_69"
"OMI_70",0.117924795981016,0.0287808960876417,0.0750815790154373,0.156715088221715,-0.00319917481288383,-0.0162869585987235,0.00402355184509488,-0.0715520666382414,-0.119468131775018,-0.113440257648504,0.133985206923739,-0.0371288253023462,-0.0242552011961828,0.0398547484580557,"OMI_70"
"OMI_71",0.00462833641091926,-0.0428736501299811,-0.0417946631224854,-0.0239499372644749,0.00225823739165642,0.0633286373091789,0.0511291130639577,-0.00360464762463922,-0.0224884750492621,0.0396967647360797,0.0397493860049037,0.0138199441539473,-0.000217219390209665,-0.00159346913304601,"OMI_71"
"OMI_72",0.016476151425523,-0.0868077111883618,-0.0829614111892153,-0.0480173871496887,0.0346623815084212,0.08264472356581,0.0958662537249808,-0.0352188013138196,-0.0586442968033757,0.0412620036432697,-0.0408079214318774,0.0430135997932244,-0.0141691972441672,-0.0576795159739115,"OMI_72"
"ONF_61",0.0655291339196994,-0.0395812622327833,-0.035352951769129,0.0232129593465431,0.0528122010174879,0.0281430755868856,0.00965670963551645,-0.0948767099595123,-0.11898517116539,-0.00224815221192404,0.0214552871507198,0.0375912280095184,-0.0467341101799867,-0.0810819864655524,"ONF_61"
"ONF_62",0.0420134290946244,-0.00807689046594261,-0.00424101962007689,0.0463695154406823,-0.00905850930929046,0.0224306536366056,0.0235181975481969,-0.0401986082285901,-0.0422061844888763,0.0138868522036522,-0.00234599756932765,0.0130912568720257,-0.01776210864936,-0.027364311552765,"ONF_62"
"ONF_63",-0.0181489666488591,-0.0320560056630674,-0.026354341814479,-0.021894164246953,-0.0214452887352544,0.0370369575925803,0.0510232373360421,0.0152729989451616,0.00982554379419297,0.0648396896131011,0.0738679307317753,0.0126089832439645,0.00756643879114119,0.0198311039518805,"ONF_63"
"ONF_64",-0.0282864713737957,-0.0637906472558989,-0.0992392659289326,-0.0854154473179442,-0.0158619668031,0.108118480575096,0.113990545418864,0.0138280075868845,0.0406855668108682,0.115843557990661,-0.0793871859925614,0.0546793373233355,0.00169515987616088,-0.0742626251076419,"ONF_64"
"OTM_33",0.0319775399786415,0.010805974213558,-0.0123162028836373,0.0219089586761218,-0.0378695214167593,0.0135644137006458,0.00105525941831867,-0.0294832022980406,-0.0729911554576757,0.0228312826486308,-0.0405979660073057,0.0177006008985785,-0.0162623233593703,-0.0344146936924675,"OTM_33"
"OTM_34",0.0212253258974576,0.0462143334245098,-0.00977827057541762,0.0347218311516643,-0.0642424727724834,0.0336970694461909,0.0403811294804827,-0.000838917266103023,-0.00291121174087922,0.024312055249333,-0.00252079834058121,-0.00311370869829703,-8.47582873963484e-05,0.00247688939799758,"OTM_34"
"OTM_35",-0.0159200374902137,0.0432128526918534,-0.0375571035983607,-0.0286905924599682,-0.0353709621720595,0.0441792676886182,0.0484170089884014,0.0155067922002624,-0.0184943925446303,0.0360624117853486,0.0472095695083825,0.0105979290708901,0.00944418512672941,0.0100242979415019,"OTM_35"
"OTM_36",-0.00379294134065592,0.0234725218113348,-0.0421609539179434,-0.0240458959927367,-0.0542049881240551,0.0535139777696718,0.0566183106650676,0.00363075846617592,0.00907406937999364,0.0466813541349568,-0.0247035633748518,0.00604604283949579,-0.00239044931129709,-0.00119142129565293,"OTM_36"
